date,ticker,title,sentiment
2024-01-05,TUPRS,TÜPRAŞ'ın İzmit rafinerisindeki fuel oil dönüşüm tesisi bakıma girecek - Anadolu Ajansı,0.0
2024-01-11,TUPRS,"Tüpraş, Irak'tan aldığı petrolü taşıyan gemiyle irtibatın kesildiğini, rafineri operasyonlarının devam ettiğini bildirdi - Anadolu Ajansı",0.0
2024-01-11,TUPRS,Tüpraş’tan İran’ın el koyduğu petrol yüklü gemiye ilişkin açıklama - rudaw.net,0.0
2024-01-12,TUPRS,"İran, Tüpraş'a ham petrol taşıyan gemiye el koydu - BBC",0.0
2024-02-08,BIMAS,BİM’in GES gücü 26 MW’a ulaştı - Yeşil Ekonomi,0.0
2024-02-12,TUPRS,Tüpraş İzmir rafinerisinde üç enerji kaynağı birden kullanacak - Yeşil Ekonomi,0.0
2024-02-20,TUPRS,"""Rafineri marjlarındaki düzenlemeyle akaryakıtta indirim olacak"" | Enerji haberleri - Bloomberght",0.0
2024-06-01,TUPRS,Nijerya'da açılan Afrika'nın en büyük rafinerisi Avrupa'ya ilk jet yakıtı ihracatına başladı - Anadolu Ajansı,0.0
2024-07-03,TUPRS,İş Yatırım'dan Tüpraş (TUPRS) analizi (3 Temmuz) - Ekonomist,0.0
2024-07-09,TUPRS,"Tüpraş, Irak'tan aldığı gemiyle irtibatın kesildiğini, rafineri operasyonlarının devam ettiğini bildirdi - Anadolu Ajansı",0.0
2024-07-16,BIMAS,BIMAS TEMETTÜ TARİHİ 2024 | BİM Birleşik Mağazalar temettü ödemesi ne zaman hesaba geçer? - Hürriyet,0.0
2024-07-18,TUPRS,Tüpraş’ta Yükseliş Yakın mı? Bilanço Beklentileri Ne Yönde? - getmidas.com,0.9999990000010001
2024-07-24,TUPRS,"TÜPRAŞ, kazasız bir milyon saate ulaştı - Haber Denizde",0.0
2024-07-24,TUPRS,"Morgan Stanley'den Tüpraş raporu, hedef fiyat tahmini haberi - borsaningundemi.com",0.0
2024-08-03,TUPRS,Tüpraş’tan İzmir Rafineri işletme sahası dışında çıkan yangınla ilgili açıklama - Gündeme Bakış,0.0
2024-09-05,TUPRS,"Petkim’in Ortağı Olduğu STAR Rafineri, Planlı Bakım Kapsamında Duruşa Geçti - getmidas.com",0.0
2024-09-27,BIMAS,BİMAS HİSSE YORUMU | BİM (BİMAS) hisseleri kaç para? BIMAS hisse hedef fiyat 2025 ne kadar? - CNN Türk,0.0
2024-10-05,TUPRS,"ABD'li yetkililerin açıklamaları, İran'daki rafineri ve nükleer tesislerin durumunu gündeme getirdi - Anadolu Ajansı",0.0
2024-10-06,BIMAS,"BİM Birleşik Mağazalar Zinciri, Banka Kuruyor! - siirthaberci.com",0.0
2024-10-08,TUPRS,Petrobras’ın rafineri kullanım oranı rekor kırdı - getmidas.com,0.9999991666673612
2024-10-16,TUPRS,"""Enerji Verimliliği"" Ödülünün Sahibi Tüpraş Oldu - Turkchem.net",0.0
2024-10-16,TUPRS,STAR Rafineri ve Petkim Ege’nin Büyüklerinde Yer Aldı - Turkchem.net,0.0
2024-10-22,TUPRS,"HİSSE DEĞERLENDİRMESİ-Deniz Yatırım, TUPRS-TÜPRAŞ için hedef fiyatını 228,6 TL, tavsiyesini ""al"" olarak korudu - Investing.com Türkiye",0.0
2024-10-24,BIMAS,BİM’den hisse geri alım programı kararı - Ekonomim,0.0
2024-10-28,TUPRS,"TUPRS ihale sonucu, KLSYN’den geri alımı ile ilgili karar, HLGYO’dan satış: BIST şirketlerinden güncel haberler - Investing.com Türkiye",0.0
2024-10-28,TUPRS,Rafineri için yerli katalizör - Sabah,0.0
2024-10-31,TUPRS,BIST 100’de Son Durum - TUPRS ve ASTOR Teknik İncelemesi - Investing.com Türkiye,0.0
2024-10-31,TUPRS,"STAR Rafineri'nin üretim kapasitesi yüzde 2,5 artırıldı - Ekonomi Dünya",0.0
2024-10-31,TUPRS,"STAR Rafineri'nin üretim kapasitesi yüzde 2,5 artırıldı - Anadolu Ajansı",0.0
2024-11-01,TUPRS,Star Rafineri’de büyük duruş tamam da PETKİM ne olacak? - Haber Aero,0.0
2024-11-05,TUPRS,Tüpraş (TUPRS) hisse ile ilgili açıklama - Bigpara,0.0
2024-11-05,TUPRS,SON DAKİKA: Tüpraş'ın İzmit'teki tesislerinde patlama: TUPRS hisselerinde son durum - CNBC-e,0.0
2024-11-05,TUPRS,"Tüpraş, İzmit Rafinerisi'nde faaliyetlerin devam ettiğini bildirdi: - Anadolu Ajansı",0.0
2024-11-05,TUPRS,İzmit'teki TÜPRAŞ tesislerinde çıkan yangın kontrol altında - Anadolu Ajansı,0.0
2024-11-05,TUPRS,İzmit'te TÜPRAŞ rafinerisinde patlama! TÜPRAŞ'tan açıklama: 12 işçi hafif şekilde yaralandı - Hürriyet,0.0
2024-11-05,TUPRS,"Tüpraş: İzmit Rafinerisi’nde çıkan yangın kontrol altına alındı, 12 çalışanımız hafif şekilde yaralandı - Foreks.com",0.0
2024-11-05,TUPRS,İzmit'teki TÜPRAŞ tesisinde patlama: Sarsıntı çevre ilçelerde de hissedildi - Euronews.com,0.0
2024-11-05,TUPRS,TÜPRAŞ Rafinerisi’nde patlama: 12 yaralı - Yeşil Gazete,0.0
2024-11-05,TUPRS,SON DAKİKA: TÜPRAŞ rafinerisinde patlama: Açıklamalar peş peşe geldi! - İstanbul Ticaret Gazetesi,0.0
2024-11-05,TUPRS,SON DAKİKA HABERİ: İzmit’te TÜPRAŞ Rafinerisi’nde patlama - NTV Haber,0.0
2024-11-05,TUPRS,TÜPRAŞ rafinerisinde patlama meydana geldi - DW,0.0
2024-11-05,TUPRS,SON DAKİKA TÜPRAŞ HABERLERİ: İzmit TÜPRAŞ'ta patlama! Nedeni belli oldu - Milliyet,0.0
2024-11-05,TUPRS,Tüpraş'tan yangın ve son durumla ilgili açıklama - capital.com.tr,0.0
2024-11-05,TUPRS,"TÜPRAŞ'tan açıklama: ""Kompresör bakım çalışmaları sırasında yangın meydana gelmiştir. 12 arkadaşımız hafif şekilde yaralanmıştır'' - ankahaber.net",0.0
2024-11-05,TUPRS,"SON DAKİKA TÜPRAŞ PATLAMA HABERLERİ || Tüpraş patlaması nerede, nasıl oldu? Kocaeli Tüpraş patlama son durum - Hürriyet",0.0
2024-11-05,TUPRS,TÜPRAŞ'ta yangın: 12 kişi yaralandı - TRT Haber,0.0
2024-11-05,TUPRS,"Tüpraş nedir, nerede faaliyet gösteriyor? Tüpraş kime ait? Tüpraş'ın tarihi - NTV Haber",0.0
2024-11-05,TUPRS,TÜPRAŞ'tan açıklama: 12 kişi hafif yaralı! - Oluşum Haber,0.0
2024-11-05,TUPRS,TÜPRAŞ’ta tatbikat sırasında patlama: 12 yaralı - Yurtsever,0.0
2024-11-05,TUPRS,İzmit'teki TÜPRAŞ rafinerisinde patlama - Bianet,0.0
2024-11-05,TUPRS,Tüpraş İzmit Rafineride Patlama: 8 Yaralı - Vira Haber,0.0
2024-11-05,TUPRS,Tüpraş'ta şiddetli patlama! Birçok ilçeden duyuldu - Ekonomim,0.0
2024-11-05,TUPRS,Kocaeli TÜPRAŞ'ta patlama! Birçok ilçe sallandı... - Ege Postası,0.0
2024-11-05,TUPRS,İzmit'te TÜPRAŞ'ta patlama meydana geldi - NTV Haber,0.0
2024-11-05,TUPRS,TÜPRAŞ’taki patlamada 8 kişi yaralandı! - kocaelifikir.com,0.0
2024-11-05,TUPRS,İzmit TÜPRAŞ’ta patlama: 12 işçi yaralandı - Evrensel.net,0.0
2024-11-05,TUPRS,İzmit'te Tüpraş Rafinerisi'nde patlama - Birlik Haber Ajansı,0.0
2024-11-05,TUPRS,TÜPRAŞ'ta patlama: 12 yaralı - Gazete Duvar,0.0
2024-11-05,TUPRS,"Tüpraş nerede, hangi ilde? - Sözcü Gazetesi",0.0
2024-11-05,TUPRS,TÜPRAŞ'tan Son dakika açıklaması: 12 işçi hafif şekilde yaralandı - Oxu.Az,0.0
2024-11-05,TUPRS,Tüpraşın İzmit Rafinerisindeki yangın - hibya.com,0.0
2024-11-05,TUPRS,Tüpraş'tan patlamaya ilişkin ilk açıklama - Doviz.com,0.0
2024-11-05,TUPRS,Kocaeli'de rafineri tesisinde patlama: 8 kişi yaralandı - GZT,0.0
2024-11-06,TUPRS,TUPRS hisse hedef fiyatı için 2024/09 sonrası 7 aracı kurumdan tahmin - CNBC-e,0.0
2024-11-06,TUPRS,TÜPRAŞ'taki patlamada yaralananlar taburcu edildi - NTV Haber,0.0
2024-11-12,BIMAS,Bim Birleşik Mağazalar (BIMAS) için Hedef Fiyatlar Açıklandı - Paratic Haber,0.0
2024-11-13,TUPRS,Tüpraş Batman Rafineri işçisi yaşamına son verdi - Evrensel.net,0.0
2024-11-15,TUPRS,STAR Rafineri gelecek 5 yıla hazır - Milliyet,0.0
2024-11-21,BIMAS,BİM'den (BIMAS) geri alım açıklaması (20 Kasım) - Ekonomist,0.0
2024-11-21,TUPRS,"Hareket, STAR Rafineri Planlı Duruş Projesini Rekor Sürede Başarıyla Tamamladı - Şantiye Dergisi",0.9999991666673612
2024-11-25,TUPRS,İzmir Aliağa'daki Tüpraş Rafinerisi'nde meydana gelen yangına ilişkin açıklama: - Anadolu Ajansı,0.0
2024-11-25,TUPRS,Aliağa'daki Tüpraş Rafinerisi'nde patlama! - Gerçek İzmir,0.0
2024-11-25,TUPRS,"Tüpraş'ta patlama oldu, yangın söndürüldü | Son dakika ekonomi haberleri - Bloomberght",0.0
2024-11-25,TUPRS,İzmir'de Aliağa Tüpraş Rafinerisi'nde yangın - Memurlar.Net,0.0
2024-11-25,TUPRS,İzmir Tüpraş Rafinerisi'nde patlama - Evrensel.net,0.0
2024-11-25,TUPRS,İzmir Aliağa’daki TÜPRAŞ Rafinerisi'nde Patlama - Onedio,0.0
2024-11-25,TUPRS,İzmir'de Tüpraş Rafinerisi'nde çıkan yangın kontrol altına alındı - ankahaber.net,0.0
2024-11-25,TUPRS,İzmir'de dehşet gecesi! TÜPRAŞ rafinerisinde patlama - Gündeme Bakış,0.0
2024-11-25,TUPRS,İzmir Aliağa'daki TÜPRAŞ tesislerinde yangın - Euronews.com,0.0
2024-11-25,TUPRS,SON DAKİKA! İzmir Tüpraş Rafinerisi'nde yangın: Ekipler bölgeye sevk edildi - Sabah,0.0
2024-11-25,TUPRS,TÜPRAŞ'tan İzmir Rafinerisi'ndeki yangına ilişkin açıklama - CNBC-e,0.0
2024-11-25,TUPRS,İzmir Aliağa TÜPRAŞ Rafinerisinde yangın - NTV Haber,0.0
2024-11-25,TUPRS,Aliağa Tüpraş Rafinerisi'nde yangın - Gazete Duvar,0.0
2024-11-25,TUPRS,İzmir TÜPRAŞ tesislerinde yangın - Yeni Şafak,0.0
2024-11-25,TUPRS,Tüpraş’ın İzmir Rafinerisi’nde Yangın! Açıklama Geldi - Paratic Haber,0.0
2024-11-25,TUPRS,İzmir'de TÜPRAŞ Rafinerisi'nde patlama - Yeni Şafak,0.0
2024-11-25,TUPRS,İzmir Tüpraş Rafinerisi'nde patlama - Kısa Dalga,0.0
2024-11-25,TUPRS,İzmir TÜPRAŞ Rafinerisi'nde yangın! - Habertürk,0.0
2024-11-25,TUPRS,İzmir Tüpraş Rafinerisi'nde yangın! - Habertürk,0.0
2024-11-25,TUPRS,Kıymetli maden rafinerileri listesi güncellendi - Anadolu Ajansı,0.0
2024-11-25,TUPRS,Kıymetli maden rafinerileri listesine 3 şirket eklendi - Ekonomi Gazetesi,0.0
2024-11-26,TUPRS,Tüpraş'tan (TUPRS) KAP'a dünkü yangınla ilgili açıklama var - Ekonomist,0.0
2024-11-26,TUPRS,TÜPRAŞ'tan İzmir Rafinerisi'ndeki yangına ilişkin açıklama - Doviz.com,0.0
2024-11-26,TUPRS,Kocaeli’nin ardından İzmir TÜPRAŞ’ta da patlama - kocaelifikir.com,0.0
2024-11-29,TUPRS,Tüpraş Kırıkkale'de Güneş Enerjisi Yatırımı Yapacak - Analiz Gazetesi,0.0
2024-12-03,TUPRS,Tüpraş (TUPRS) Hedef Fiyat ve Tavsiyesi Açıklandı - Paratic Haber,0.0
2024-12-04,THYAO,Turkish Airlines sets sights on New Zealand: A historic move! - Haber Aero,0.0
2024-12-07,THYAO,Turkish Airlines World Golf Cup’ın kazananı belli oldu! - Haber Aero,0.9999990000010001
2024-12-10,TUPRS,TÜPRAŞ’ta yangın çıktı! - kocaelifikir.com,0.0
2024-12-10,TUPRS,TÜPRAŞ'ta çıkan yangın kontrol altına alındı - Ekonomim,0.0
2024-12-10,TUPRS,Tüpraş'tan İzmit Rafinerisi'nde meydana gelen alevlenmeye ilişkin açıklama: - Kocaeli Haberleri - Habertürk,0.0
2024-12-10,TUPRS,Dev rafineri yatırımı bir imzayı bekliyor - Habertürk,0.0
2024-12-16,TUPRS,Erbil'de 51 yasa dışı rafineri kapatıldı - kurdistan24.net,0.0
2024-12-18,BIMAS,"BİM (BIMAS) temettü ödeme tarihi 2024 | BİM Birleşik Mağazalar (BIMAS) temettü ödemesi ne kadar yatacak, ne zaman hesaba geçer? - Bigpara",0.0
2024-12-18,BIMAS,BİM TEMETTÜ TARİHİ 2024: BIMAS ne kadar temettü verecek? BİM temettü ne zaman hesaba geçer? - CNN Türk,0.0
2024-12-18,THYAO,THYAO Hisse Senedi Analizi | Kapsamlı Rapor - Investing.com Türkiye,0.0
2024-12-19,BIMAS,Mustafa Latif Topbaş BIMAS paylarını 100 bin adet artırdı - Paratic Haber,0.0
2024-12-19,BIMAS,"BİMAS TEMETTÜ ÖDEME TARİHLERİ: Bimas temettü ödemesi ne kadar, ne zaman yatacak, ayın kaçında hesaba geçer? - Sabah",0.0
2024-12-19,BIMAS,BİM (BIMAS) temettü ödeme tarihi 2024 | BİM Birleşik Mağazalar ne zaman ve ne kadar temettü ödeyecek? BIMAS hisse başına verilecek temettü miktarı - Habertürk,0.0
2024-12-19,THYAO,Turkish Airlines sets Guinness World Record for flying to most countries - Türkiye Today,0.0
2024-12-19,THYAO,Turkish Airlines breaks Guinness World Record as airline flying to most countries - Anadolu Ajansı,0.0
2024-12-24,BIMAS,BİM Birleşik Mağazalar (BIMAS) geri alım kararını duyurdu - Ekonomist,0.0
2024-12-25,BIMAS,BİM’den pay geri alım kararı Yazar Investing.com - Investing.com Türkiye,0.0
2024-12-25,BIMAS,BİM geri alım kararını duyurdu - capital.com.tr,0.0
2024-12-31,TUPRS,"Günün şirket ve borsa haberleri: TOASO, AEFES, TUPRS, OZATD, MAGEN - getmidas.com",0.0
2025-01-02,THYAO,Turkish Airlines Flight Academy’den Büyük Başarı: 5 Yılda 3 Kat Büyüdü! - HavaHaber,0.0
2025-01-08,TUPRS,Endekse yenilen Tüpraş (TUPRS) için tahminler güncellendi - Paratic Haber,0.0
2025-01-10,TUPRS,"STAR Rafineri, Türkiye'nin ilk özel endüstri bölgesi ilan edildi - Stratejik Düşünce Enstitüsü",-0.99999950000025
2025-01-14,TUPRS,Tüpraş’tan kayıtlı sermaye artırımı adımı - getmidas.com,0.0
2025-01-21,TUPRS,Tüpraş (TUPRS) hisseleri için 7 farklı hedef fiyat - Paratic Haber,0.0
2025-01-22,BIMAS,Teknik anlamda fırsat veren 11 hisse: ASTOR ve BIMAS listede - Paratic Haber,0.0
2025-01-23,THYAO,Türk Hava Yolları 13 yıl sonra tekrar Şam’a seferler düzenlemeye başladı (Almanya) - İletişim Başkanlığı,0.0
2025-01-25,TUPRS,Tüpraş (TUPRS) bilanço tarihi belli oldu - Ekonomist,0.0
2025-01-27,BIMAS,BİM Birleşik Mağazalar (BIMAS) hisseleri için yeni hedef fiyat ve temettü tahmini açıklandı - Rota Borsa,0.0
2025-01-29,BIMAS,Bim (BIMAS) hisselerinde JP Morgan coşkusu! - Paratic Haber,0.0
2025-01-29,BIMAS,JP Morgan’dan kritik Türkiye raporu: BIMAS ilk 10’da - Paratic Haber,0.0
2025-01-29,BIMAS,"JPMorgan, Türkiye’nin ağırlığını arttırarak BİM’i CEEMEA Strateji Top 10 listesine ekledi - Investing.com Türkiye",0.0
2025-01-31,TUPRS,"Günün şirket ve borsa haberleri: TUPRS, ALTNY, THYAO, ARCLK, BINBN - getmidas.com",0.0
2025-01-31,TUPRS,Tüpraş (TUPRS) borçlanma aracı ihracı için SPK’dan onay aldı - Paratic Haber,0.0
2025-02-03,TUPRS,"İPTAL-Alnus Yatırım, KOZAL, ISGYO, SAHOL, VAKBN, TOASO, SISE, TUPRS, PGSUS, MPARK ve KRDMD - Investing.com Türkiye",0.0
2025-02-03,TUPRS,"Socar Türkiye, Petrokimyada Yeni Dönem Başlatıyor - Fortune Turkey",0.0
2025-02-04,BIMAS,BİM Birleşik Mağazalar (BIMAS) hisseleri için yeni hedef fiyat ve temettü tahmini açıklandı - Rota Borsa,0.0
2025-02-05,THYAO,"Türk Hava Yolları, Bielsko-Biala'ya 3-1 Mağlup Oldu - Türkiye Voleybol Federasyonu",0.0
2025-02-07,THYAO,"Japonya’da TAV, Turkish Airlines Lounge’un İşletmesini Başlattı — Son Dakika Havacılık Haberleri | - AirlineHaber",0.0
2025-02-07,THYAO,"TAV, Uzak Doğu’da İlk Adımını Attı: Narita Havalimanı’nda Turkish Airlines Lounge Açıldı - HavaHaber",0.0
2025-02-09,TUPRS,ERBİL’DE HAVA KİRLİLİĞİ- 2 kaçak rafineri daha kapatıldı - rudaw.net,0.0
2025-02-11,BIMAS,"HİSSE DEĞERLENDİRMESİ-Yapı Kredi Yatırım, BIMAS-BİM için hedef fiyatını 844,00 TL, tavsiyesini ""al"" olarak korudu - Investing.com Türkiye",0.0
2025-02-12,BIMAS,"Günün şirket ve borsa haberleri: BIMAS, CWENE, PETKM, MACKO, BINHO - getmidas.com",0.0
2025-02-13,BIMAS,İş Yatırım üzerinden BİM Birleşik Mağazalar (BIMAS) hisselerinde yüklü alım - Rota Borsa,0.0
2025-02-13,TUPRS,Tüpraş ABD yaptırımlarının ardından Rusya ile ticaretten çekiliyor - 7deniz Haber,0.0
2025-02-14,BIMAS,"SPK, BİM Birleşik Mağazalar’ın (BIMAS) başvurusunu reddetti - Rota Borsa",0.0
2025-02-17,THYAO,"Within the framework of the EUREKA Investment Readiness Programme, Eksim Ventures and Turkish Airlines Will Hold Online Information Sessions for SMEs! - TÜBİTAK | Türkiye Bilimsel ve Teknolojik Araştırma Kurumu",0.0
2025-02-17,TUPRS,Tüpraş’ın 2024 4. çeyrekte net kârı beklentilerin altında kaldı - getmidas.com,0.0
2025-02-17,TUPRS,Tüpraş (TUPRS) 2024 bilançosuyla beklentileri boşa çıkardı - Paratic Haber,0.0
2025-02-17,TUPRS,Tüpraş'tan (TUPRS) temettü açıklaması var: Rakam... - Ekonomist,0.0
2025-02-17,TUPRS,Tüpraş bilançosundan ne bekleniyor? - getmidas.com,0.0
2025-02-17,TUPRS,Tüpraş'tan (TUPRS) temettü dağıtım kararı - Borsa Gundem,0.0
2025-02-18,TUPRS,Beklenti altı bilanço sonrası TUPRS hedef fiyatı düşürüldü! - Paratic Haber,-0.9999990000010001
2025-02-18,TUPRS,"HİSSE DEĞERLENDİRMESİ-Ziraat Yatırım, TUPRS-Tüpraş için hedef fiyatını 230 TL, tavsiyesini ""al"" olarak korudu - Investing.com Türkiye",0.0
2025-02-18,TUPRS,Tüpraş bilanço analizi: Ürün marjlarındaki daralma kârlılığı baskıladı - getmidas.com,0.0
2025-02-18,TUPRS,"HİSSE DEĞERLENDİRMESİ-Garanti BBVA Yatırım, TUPRS-Tüpraş için hedef fiyatını 218.1 TL, tavsiyesini ""endeks üstü getiri"" olarak korudu Yazar Foreks - Investing.com Türkiye",0.0
2025-02-18,TUPRS,"TÜPRAŞ TEMETTÜ ÖDEME TARİHLERİ VE TUTARI 2025: Açıklama geldi! TUPRS Tüpraş temettü ne zaman yatacak, hisse başı ne kadar ödenecek, kaç TL? - Habertürk",0.0
2025-02-18,TUPRS,"HİSSE DEĞERLENDİRMESİ-TERA Yatırım, TUPRS-Tüpraş için hedef fiyatını 234,4 TL'den 217,7 TL'ye düşürdü, tavsiyesini ""endeks üstü getiri"" olarak korudu Yazar Foreks - Investing.com Türkiye",-0.9999990000010001
2025-02-18,TUPRS,"Tüpraş'tan 2024 yılı 4. çeyrekte 4,7 milyar TL net kâr | Son dakika ekonomi haberleri - Bloomberght",0.0
2025-02-18,TUPRS,Tüpraş'ın karı yüzde 93 düştü: Piyasa beklentilerinin altında kaldı - CNBC-e,-0.9999990000010001
2025-02-18,TUPRS,"Tüpraş, 2025 yılında net rafineri marjını 5 - 6 $/v seviyesinde bekliyor - Foreks.com",0.0
2025-02-19,BIMAS,"Rekabet Kurumu Bim’e 1,3 milyar TL ceza verdi - getmidas.com",-0.9999990000010001
2025-02-19,BIMAS,Son dakika haberi: Rekabet Kurulu'ndan zincir markete 1 milyar 300 milyon TL ceza - CNN Türk,-0.9999990000010001
2025-02-19,TUPRS,"TUPRS temettü ödeme tarihleri duyuruldu! TÜPRAŞ temettü ödemeleri 2025 ne zaman başlayacak, hisse başı kaç TL verilecek? - Bigpara",0.0
2025-02-20,BIMAS,BIMAS neden düşüyor? - getmidas.com,-0.9999990000010001
2025-02-20,BIMAS,"Günün şirket ve borsa haberleri: BIMAS, KBORU, ALARK, CWENE, AKFYE - getmidas.com",0.0
2025-02-20,BIMAS,BIMAS ceza gündemiyle düşüyor! Aracı kurum nasıl yorumladı? - Paratic Haber,-0.99999950000025
2025-02-20,BIMAS,"Rekabet Kurumu, BİM’e 1,3 milyar TL ceza verdi: BİM’den açıklama geldi - Investing.com Türkiye",-0.9999990000010001
2025-02-20,BIMAS,"BİM’den Rekabet Kurumu’na: “Bu Ceza Haksız, Hukuksuz Ve Hakkaniyetsiz Bir Cezadır” - Marketing Türkiye",-0.99999950000025
2025-02-20,BIMAS,BİM'e rekor ceza kesildi: Borsada hisseleri çakıldı! - rudaw.net,0.0
2025-02-20,BIMAS,Rekabet Kurulu cezası sonrası BİM'den açıklama - CNN Türk,-0.9999990000010001
2025-02-21,TUPRS,Tüpraş temettü ödemeleri ne zaman yatacak? 2025 TUPRS temettü ne kadar ödenecek? | Özgün Haberler - Yeni Şafak,0.0
2025-02-24,THYAO,Türk Hava Yolları maçı biletleri satışta! - GALATASARAY.ORG,0.0
2025-02-24,THYAO,"Bakanımız Göktaş, “2025 Aile Yılı boyunca aileler THY ile yüzde 15 indirimli uçacak” - Aile ve Sosyal Hizmetler Bakanlığı",0.0
2025-02-26,THYAO,Galatasaray Daikin 3-0 Türk Hava Yolları - GALATASARAY.ORG,0.0
2025-02-26,THYAO,"THY, Londra’da Turkish Airlines Holidays’i Tanıttı - HavaHaber",0.0
2025-02-28,THYAO,THY tatil deneyimini baştan tanımlıyor - Turizm Ajansı,0.0
2025-03-01,THYAO,"THY TEMETTÜ ÖDEME TAKVİMİ 2025 || Türk Hava Yolları (THYAO) temettü ödemesi ne zaman yatacak, hisse başı kaç TL verecek? - Bigpara",0.0
2025-03-03,BIMAS,"Bim, 1,3 milyar TL’lik ceza için Rekabet Kurumu’na itiraz başvurusu yaptı - getmidas.com",-0.9999990000010001
2025-03-03,BIMAS,BİM Birleşik Mağazalar’dan (BIMAS) Rekabet Kurumu hamlesi - Rota Borsa,0.0
2025-03-03,THYAO,"HİSSE DEĞERLENDİRMESİ-KuveytTürk Yatırım, THYAO-THY için hedef fiyatını 454 TL’den 461 TL’ye yükseltti, tavsiyesini ""al"" olarak korudu Yazar Foreks - Investing.com Türkiye",0.0
2025-03-05,THYAO,"Türk Hava Yolları, Novara'ya 3-0 Mağlup Oldu - Türkiye Voleybol Federasyonu",0.0
2025-03-06,TUPRS,"BRKVY’den ihale, OTKAR’dan yurt dışı şirket, TUPRS’den yeni üretim hazırlıkları: BIST şirketlerinden güncel haberler - Investing.com Türkiye",0.0
2025-03-07,TUPRS,"Tüpraş, ""Stratejik Dönüşüm Yolculuğu"" kapsamındaki çalışmalarını içeren faaliyet raporunu yayımladı - Anadolu Ajansı",0.0
2025-03-07,TUPRS,"""Yaklaşık 18 milyona mal olacak"" Bakanlık’tan TÜPRAŞ’ın projesine vize - gazetem İzmir",0.0
2025-03-08,BIMAS,BİM Birleşik Mağazalar (BIMAS) hisse hedef fiyat 2025! Tam 24 farklı aracı kurum açıkladı - Rota Borsa,0.0
2025-03-10,BIMAS,BIMAS neden düşüyor? - getmidas.com,-0.9999990000010001
2025-03-10,BIMAS,"Günün şirket ve borsa haberleri: BIMAS, YEOTK, BRLSM, ARDYZ, THYAO - getmidas.com",0.0
2025-03-10,BIMAS,Rekabet Kurumu tarafından Bim’e (BIMAS) soruşturma açıldı - Paratic Haber,0.0
2025-03-10,BIMAS,BIMAS neden düşüyor? - Borsa Gundem,-0.9999990000010001
2025-03-10,BIMAS,"Rekabet Kurumu, perakende şirketlerine soruşturma açtı - getmidas.com",0.0
2025-03-10,BIMAS,Rekabet Kurulu'nun soruşturma haberinden sonra BİM hisselerinde kayıp yaşanıyor - Foreks.com,-0.9999990000010001
2025-03-10,TUPRS,Tüpraş (TUPRS) teknik görünüm: Önemli seviyeler sıralandı - Paratic Haber,0.0
2025-03-11,BIMAS,BIMAS bilançosundan ne bekleniyor? - getmidas.com,0.0
2025-03-11,THYAO,"HİSSE DEĞERLENDİRMESİ-Ahlatcı Yatırım, THYAO-THY için hedef fiyatını 425.96 TL, tavsiyesini ""al"" olarak korudu - Investing.com Türkiye",0.0
2025-03-11,THYAO,Turkish Airlines aims to integrate Africa with world - Anadolu Ajansı,0.0
2025-03-12,BIMAS,Bim (BIMAS) File Market için anonim şirket kuracağını açıkladı - Paratic Haber,0.0
2025-03-12,BIMAS,Bim Mağazalar bilanço analizi: Ertelenmiş vergi gideri net kârda baskı oluşturdu - getmidas.com,0.0
2025-03-12,BIMAS,BİM Birleşik Mağazalar’dan (BIMAS) FİLE Market kararı - Rota Borsa,0.0
2025-03-12,BIMAS,BİM Birleşik Mağazalar’dan (BIMAS) yatırımcı bilgilendirme sunumu - Rota Borsa,0.0
2025-03-12,BIMAS,BİM Birleşik Mağazalar (BIMAS) bilançosu açıklandı! Beklentiyi karşıladı mı? İşte BİM bilanço beklentileri - Rota Borsa,0.0
2025-03-12,THYAO,"Türk Hava Yolları, CEV Kupası'na Yarı Finalde Veda Etti - Türkiye Voleybol Federasyonu",0.0
2025-03-13,BIMAS,BIMAS hissesi için hedef fiyat ve tavsiyeler - Borsa Gundem,0.0
2025-03-13,BIMAS,BİM Birleşik Mağazalar (BIMAS) hisse hedef fiyat 2025! 3 farklı aracı kurum açıkladı - Rota Borsa,0.0
2025-03-13,BIMAS,"SPK, Bim Birleşik Mağazalar’ın (BIMAS) sermaye azaltımına onay verdi! - Rota Borsa",0.0
2025-03-13,THYAO,"THY, ""Turkish Airlines Open"" golf turnuvasının bir kez daha isim sponsoru oldu - Anadolu Ajansı",0.0
2025-03-13,THYAO,"THY yüzünü yeniden golfe döndü, Turkish Airlines Open 6 yıl aradan sonra Antalya’da başlıyor - Tolga Özbek",0.0
2025-03-13,THYAO,Turkish Airlines Open 6 Yıl Aradan Sonra Türkiye’ye Geri Dönüyor - HavaHaber,0.0
2025-03-17,BIMAS,BIMAS son 1 haftada 6%’dan fazla düştü - getmidas.com,-0.9999990000010001
2025-03-17,TUPRS,"Tüpraş (TUPRS) temettü ödemesi ne zaman yatacak, hangi gün, ne zaman hesaba geçer? TÜPRAŞ temettü ödeme takvimi Mart 2025! - Bigpara",0.0
2025-03-17,TUPRS,"Tüpraş, Brezilya’dan ham petrol alacak - getmidas.com",0.0
2025-03-18,TUPRS,Tüpraş (TUPRS) için 13 hedef fiyat: 248 TL’ye ulaşır mı? - Paratic Haber,0.0
2025-03-18,TUPRS,"TÜPRAŞ TEMETTÜ TARİHİ: TÜPRAŞ temettü 2025 ne zaman hesaba geçecek, TUPRS temettü ne kadar verecek? - Milliyet",0.0
2025-03-19,TUPRS,"TÜPRAŞ TEMETTÜ TARİHİ: TÜPRAŞ temettü 2025 ne zaman hesaba geçecek, TUPRS temettü ne kadar verecek? - Milliyet",0.0
2025-03-19,TUPRS,"TÜPRAŞ TEMETTÜ ÖDEME TAKVİMİ: TÜPRAŞ temettü 2025 hangi tarihte ödenecek, TUPRS temettü ne kadar, kaç TL? - Sabah",0.0
2025-03-19,TUPRS,"TÜPRAŞ TEMETTÜ ÖDEME TARİHİ VE TUTARI 2025 || TUPRS Tüpraş temettü ne zaman yatacak, hisse başı ne kadar temettü ödeyecek, kaç TL? - Habertürk",0.0
2025-03-20,BIMAS,Bim (BIMAS) SPK kararı sonrası pay geri alımı başlattı - Paratic Haber,0.0
2025-03-20,BIMAS,Taban fiyatta kapanan BIMAS’ta patron alımı açıklandı! - Paratic Haber,0.0
2025-03-20,BIMAS,BİM Birleşik Mağazalar’dan geri alım kararı - Borsa Gundem,0.0
2025-03-20,BIMAS,Mustafa Latif Topbaş’tan BİM Birleşik Mağazalar’da (BIMAS) hisse alış açıklaması - Rota Borsa,0.0
2025-03-20,BIMAS,BİM Birleşik Mağazalar’dan (BIMAS) FİLE Market açıklaması - Rota Borsa,0.0
2025-03-20,TUPRS,Tüpraş temettü ödemesi yapacak: TUPRS hisse başı ne kadar verecek? - Yeni Şafak,0.0
2025-03-21,BIMAS,"BİM, File Market’in şirketleşme sürecini tamamladı - Doviz.com",0.0
2025-03-24,BIMAS,BİM Birleşik Mağazalar (BIMAS) hisse hedef fiyat 2025! Tam 15 farklı aracı kurum açıkladı - Rota Borsa,0.0
2025-03-24,TUPRS,Tüpraş 2025’te ne kadar temettü ödeyecek? TUPRS temettü verimi ve geçmişi - getmidas.com,0.0
2025-03-24,TUPRS,Türk Traktör KAP’a bildirdi: 2024 yılı karından temettü ödemesi yapacak - Yeni Şafak,0.0
2025-03-25,TUPRS,"TUPRS temettü ödeme tarihleri 20285: Tüpraş temettü ne zaman yatacak, ne kadar ödenecek? - Sabah",0.0
2025-03-25,TUPRS,'TÜPRAŞ’ta Koç’a kalkan olmayı bırakacak mısınız?' - Evrensel.net,0.0
2025-03-26,BIMAS,"HİSSE DEĞERLENDİRMESİ-Global Menkul Değerler, BIMAS-BİM için tavsiyesini 736,4 TL hedef fiyat ile ""al"" olarak başlattı Yazar Foreks - Investing.com Türkiye",0.0
2025-03-26,BIMAS,Bim temettü kararını açıkladı: 3 taksit şeklinde ödeyecek - Paratic Haber,0.0
2025-03-26,BIMAS,BİM'den geri alım açıklaması - capital.com.tr,0.0
2025-03-26,TUPRS,"Günün öne çıkan gelişmeleri: TUPRS, TCELL, ENTRA, KCAER, GLCVY (26 Mart) - getmidas.com",0.0
2025-03-26,TUPRS,Beşiktaş tan Tüpraş Stadı nda Galatasaray a büyük üstünlük - beinsports.com.tr,0.0
2025-03-27,BIMAS,"Günün öne çıkan gelişmeleri: ALFAS, BIMAS, EREGL, SMRVA, GLCVY (27 Mart) - getmidas.com",0.0
2025-03-27,TUPRS,Tüpraş (TUPRS) temettüyü onayladı: Pay başına kaç TL verecek? - Paratic Haber,0.0
2025-03-28,TUPRS,Tüpraş temettü tarihini duyurdu - capital.com.tr,0.0
2025-03-31,THYAO,Turkish Airlines EuroLeague’de Yılın Beşi Oylaması Başladı - Eurohoops,0.0
2025-04-02,THYAO,"Turkish Airlines Flight Academy (TAFA), eğitim ağını genişletiyor - HavaHaber",0.0
2025-04-03,THYAO,Fenerbahçe Medicana’nın rakibi Türk Hava Yolları - Fenerbahçe Spor Kulübü,0.0
2025-04-03,TUPRS,"TÜPRAŞ (TUPRS) temettü ne zaman, saat kaçta hesaba geçer? 3 Nisan Perşembe TÜPRAŞ temettü ödeme detayları! - Bigpara",0.0
2025-04-03,TUPRS,"TÜPRAŞ (TUPRS) Temettü Ödeme Sorgulama: 2025 Tüpraş temettü hesaplara yattı mı, Tüpraş ödemeleri ne zaman y... - Yeni Şafak",0.0
2025-04-03,TUPRS,TÜPRAŞ TEMETTÜ ÖDEMESİ: Tüpraş Ne Zaman Temettü Verecek 2025? Tüpraş Ne Kadar Temettü Verdi? - CNN Türk,0.0
2025-04-04,BIMAS,BİM Birleşik Mağazalar (BIMAS) 2024 4. çeyrek bilanço yorumu - Rota Borsa,0.0
2025-04-04,TUPRS,Tüpraş (TUPRS) 260 TL’ye çıkabilir mi? Aracı kurumlar ne diyor? - Paratic Haber,0.0
2025-04-07,THYAO,Türk Hava Yolları (THYAO) için 8 farklı hedef fiyat - Paratic Haber,0.0
2025-04-08,BIMAS,BİM Birleşik Mağazalar (BIMAS) hisse hedef fiyatı 2025! - CafeSiyaset,0.0
2025-04-08,BIMAS,BİM Birleşik Mağazalar (BIMAS) hisse hedef fiyatı 2025! Aracı kurum duyurdu - Haber7,0.0
2025-04-08,TUPRS,Kulübümüzden Tüpraş’a nezaket ziyareti - Fenerbahçe Spor Kulübü,0.0
2025-04-09,BIMAS,"BİM, FİLE'nin iştirak modeliyle kısmi bölünmesine karar verdi - Foreks.com",0.0
2025-04-10,BIMAS,"Günün öne çıkan gelişmeleri: ARCLK, BIMAS, BRLSM, CWENE, ORGE (10 Nisan) - getmidas.com",0.0
2025-04-10,BIMAS,Bim (BIMAS) 844 TL olacak mı? Aracı kurum değerlendirdi - Paratic Haber,0.0
2025-04-10,BIMAS,"Bim, File Market’in kısmi bölünmesine karar verdi - getmidas.com",0.0
2025-04-10,BIMAS,BİM Birleşik Mağazalar (BIMAS) hisseleri için hedef fiyat açıklandı - Rota Borsa,0.0
2025-04-10,BIMAS,Bim Birleşik Mağazalar’dan (BIMAS) SPK Başvurusu! - YatırımX,0.0
2025-04-13,BIMAS,BİM Birleşik Mağazalar (BIMAS) hisselerinde 3 kurum üzerinden yüklü alım - Rota Borsa,0.0
2025-04-14,TUPRS,20 şirket için bilanço tarihi belli oldu: TUPRS ve KCHOL listede - Paratic Haber,0.0
2025-04-15,BIMAS,BİM’in devreye aldığı yeni yatırımları ile Türkiye genelinde toplam GES sayısı 26’ya yükseldi - Foreks.com,0.0
2025-04-16,THYAO,Fenerbahçe Beko’nun Turkish Airlines EuroLeague play-off turundaki rakibi Paris Basketbol oldu - Fenerbahçe Spor Kulübü,0.0
2025-04-16,TUPRS,"Koç Holding şirketlerinden bu bilanço döneminde neler bekleniyor? FROTO, TUPRS, YKBNK, TTRAK Analiz - getmidas.com",0.0
2025-04-17,THYAO,Turkish Airlines’ subsidiary unveils ‘Cornea’ IFE - Haber Aero,0.0
2025-04-17,THYAO,Turkish Airlines Open 6 Yıl Aradan Sonra Yeniden - haber antalya,0.0
2025-04-17,TUPRS,TÜPRAŞ tekrar Rusya’ya döndü - Haber Denizde,0.0
2025-04-18,BIMAS,BİM Birleşik Mağazalar (BIMAS) hisseleri için yeni hedef fiyat açıklandı - Rota Borsa,0.0
2025-04-18,TUPRS,Gelecek Holding Kırgızistan’da Rafineri ve 232 Kuyulu Dev Petrol Yatırımına Başladı - CUMHA - Cumhur Haber Ajansı,0.0
2025-04-20,THYAO,Kahramanmaraş’ın Turizmi Türk Hava Yolları ile Uçuşa Geçecek - Kahramanmaraş Büyükşehir Belediyesi,0.0
2025-04-21,THYAO,"Turkish Airlines ve KARINCA El Emeği Eğitim Birimi'nden Örnek Proje: Kullanım Ömrünü Tamamlamış Malzemeler, Değere Dönüşüyor - T.C. Fatih Belediyesi",0.0
2025-04-21,THYAO,Turkish Airlines Euroleague’de Playoff Heyecanı Başlıyor - BasketTR,0.0
2025-04-21,THYAO,EuroLeague Playofflarında Heyecan Başlıyor: Fenerbahçe Beko’nun Konuğu Paris! - Eurohoops,0.0
2025-04-21,TUPRS,Tüpraş (TUPRS) için 16 hedef fiyat verildi: Kurumlar güveniyor - Paratic Haber,0.0
2025-04-21,TUPRS,TÜPRAŞ’ta 4 rafineride yüzde 28 dayatmasına karşı eylem - Evrensel.net,0.0
2025-04-22,BIMAS,BIMAS için getiri potansiyeli ne kadar? Hangi tavsiyeler verildi? - Paratic Haber,0.0
2025-04-22,THYAO,"Sayın Emine Erdoğan Hanımefendi'nin Teşrifiyle, TOGEMDER'in Öncülüğünde Cemre Çarşısı'nda Turkish Airlines ve KARINCA'dan Örnek Proje Sergisi - T.C. Fatih Belediyesi",0.0
2025-04-22,TUPRS,TÜPRAŞ'ta eylemler ikinci gününde: İşçiler vardiyayı 2 saat geç teslim aldı - Evrensel.net,0.0
2025-04-23,THYAO,Turkish Airlines Open yeniden Regnum’da - Turizm Ajansı,0.0
2025-04-23,THYAO,Turkish Airlines Open Yeniden Regnum’ Da - Turizm Aktüel,0.0
2025-04-24,TUPRS,TÜPRAŞ işçilerinin konvoyuna jandarma ceza yazdı - Evrensel.net,-0.9999990000010001
2025-04-26,TUPRS,"Tüpraş, çocuklar için etkinlik düzenledi - Batman Sonsöz",0.0
2025-04-28,TUPRS,"Haftanın öne çıkan bilançoları: TOASO, OTKAR, TUPRS, FROTO, ASELS, KCHOL - getmidas.com",0.0
2025-04-28,TUPRS,TÜPRAŞ işçilerinin eylemleri sürüyor - Evrensel.net,0.0
2025-04-29,BIMAS,BİM Birleşik Mağazalar (BIMAS) 2025 yılı temettü kararını açıkladı - Rota Borsa,0.0
2025-04-29,BIMAS,BİM Birleşik Mağazalar’dan (BIMAS) Yönetim Kurulu açıklaması - Rota Borsa,0.0
2025-04-29,THYAO,THY bilanço analizi: Zayıf bilanço endeksi de aşağı çekiyor! - getmidas.com,-0.9999990000010001
2025-04-29,TUPRS,Tüpraş'ın kârı beklentinin altında kaldı | Son dakika ekonomi haberleri - Bloomberght,0.0
2025-04-29,TUPRS,Tüpraş'ın kârı beklentinin altında kaldı - Gazete Oksijen,0.0
2025-04-30,THYAO,"BIST 100’de Son Durum, THYAO ve ISCTR Teknik İncelemesi - Investing.com Türkiye",0.0
2025-04-30,TUPRS,TUPRS hedef fiyatı düştü: Şeker Yatırım nedenini açıkladı - Paratic Haber,-0.9999990000010001
2025-04-30,TUPRS,"SASA’dan üretim hamlesi, TUPRS’den kâr düşüşü, ATSYH’den milyon dolarlık anlaşma: BIST şirketlerinden güncel gelişmeler - Investing.com Türkiye",-0.9999990000010001
2025-04-30,TUPRS,Tüpraş bilanço analizi: Ertelenmiş vergi gideri net kârı baskıladı! - getmidas.com,0.0
2025-04-30,TUPRS,Tüpraş (TUPRS) hisselerinde hedef fiyat ve tavsiyeler - Borsa Gundem,0.0
2025-04-30,TUPRS,TÜPRAŞ rafinerisinde grev genişliyor: Tanker girişleri durduruldu - İlke Haber Ajansı,0.0
2025-04-30,TUPRS,Eylemdeki TÜPRAŞ işçilerine ziyaretler sürüyor: Birleşerek aşacağız! - Evrensel.net,0.0
2025-05-01,THYAO,Türk Hava Yolları (THYAO) için 12 farklı hedef fiyat - Paratic Haber,0.0
2025-05-02,THYAO,"Kemal Taşkınlı: Turkish Airlines Open, golfseverleri ülkemize taşıyacak - Kemer Gözcü Gazetesi",0.0
2025-05-03,BIMAS,"15 şirket temettü dağıtacağını açıkladı ; ASELS, BIMAS, TUPRS, SDTTR yüz güldürecek - Ekonomim",0.0
2025-05-03,TUPRS,"15 şirket temettü dağıtacağını açıkladı ; ASELS, BIMAS, TUPRS, SDTTR yüz güldürecek - Ekonomim",0.0
2025-05-04,THYAO,Turkish Airlines Open Golf Turnuvası'na doğru - Anadolu Ajansı,0.0
2025-05-05,THYAO,Turkish Airlines Open'da geri sayım: Biletlere yoğun ilgi - Yeni Şafak,0.0
2025-05-06,THYAO,"THY hisse inceleme: Nisan ayında güçlü büyüme, tarife etkileri ve personel maaşları - getmidas.com",0.9999995833335069
2025-05-06,TUPRS,Tüpraş İzmir Rafinerisi'nde işçilerin bekleyişi sürüyor - Evrensel.net,0.0
2025-05-06,TUPRS,"TÜPRAŞ’ta görüşmeler sürüyor, işçiler rafineri önünde ayrılmıyor - Evrensel.net",0.0
2025-05-07,BIMAS,BİM Birleşik Mağazalar (BIMAS) 2025 1. çeyrek bilanço beklentisi - Rota Borsa,0.0
2025-05-07,THYAO,THY Teknik AŞ ve Rolls-Royce İstanbul'da motor bakım merkezi kuracak - Anadolu Ajansı,0.0
2025-05-07,THYAO,"Turkish Airlines Open 2025'te, 7 Türk golfçü mücadele edecek - Anadolu Ajansı",0.0
2025-05-07,THYAO,Avrupa'nın Golf Yıldızları Yeniden Antalya'da: Turkish Airlines Open Başlıyor! - eurosport.com.tr,0.0
2025-05-07,THYAO,Turkish Airlines Open’da Heyecan Başladı - Turizm Proje Dergisi,0.0
2025-05-07,THYAO,Turkish Airlines to launch direct flights to Spain's Seville city - Anadolu Ajansı,0.0
2025-05-07,THYAO,Golf Tutkunlarının Gözü Antalya’da: Turkish Airlines Open 2025 Başlıyor - Bengü Türk,0.0
2025-05-07,THYAO,Turkish Airlines Open 2025'te 7 Türk golfçü mücadele edecek - haber antalya,0.0
2025-05-07,TUPRS,BIST 100’de Yön Arayışı Sürüyor: TUPRS ve ASELS İncelemesi - Investing.com Türkiye,0.0
2025-05-07,TUPRS,"TÜPRAŞ işçileri ""Şimşek programı"" zammına karşı yürüyor - Evrensel.net",0.0
2025-05-07,TUPRS,Tüpraş'tan toplu sözleşme açıklaması - Bigpara,0.0
2025-05-07,TUPRS,"Futbol A Takımımız, Tüpraş Stadyumu'nda Taraftarlarımıza Açık Antrenman Yapacak - Bjk.com.tr",0.0
2025-05-07,TUPRS,Tüpraş 3 yıllık zam oranlarını duyurdu: İşçi isyan etti! - Paratic Haber,0.0
2025-05-07,TUPRS,Kocaeli ve Aliağa'da TÜPRAŞ işçileri yürüyüşe geçti: 'Bizi yine sefalete mahkum ettiler' - soL Haber,0.0
2025-05-08,BIMAS,BIMAS bilançosu paylaşıldı: Net kar beklentileri karşılayamadı - Paratic Haber,0.0
2025-05-08,BIMAS,BİM Birleşik Mağazalar (BIMAS) bilançosu açıklandı! Beklentiyi karşıladı mı? İşte BİM bilanço beklentileri - Rota Borsa,0.0
2025-05-08,BIMAS,Bim Birleşik Mağazalar’dan (BIMAS) yatırımcı bilgilendirme sunumu - Rota Borsa,0.0
2025-05-08,BIMAS,BİM Birleşik Mağazalar (BIMAS) 2025 yılı 1. çeyrek bilançosunu açıkladı. İşte detaylar… - Rota Borsa,0.0
2025-05-08,THYAO,Geleceğe Dönüşüm: Turkish Airlines'tan KARINCA İş Birliğiyle 23 Nisan'a Anlam Katan İleri Dönüşüm Projesi - T.C. Fatih Belediyesi,0.0
2025-05-08,THYAO,Turkish Airlines Open 2025 Golf Turnuvası Antalya'da başladı - Anadolu Ajansı,0.0
2025-05-08,THYAO,Turkish Airlines Open Turnuvası'nda heyecan Pro-Am ile devam etti - Bengü Türk,0.0
2025-05-08,THYAO,Turkish Airlines Open Pro-Am Turnuvası'nda şampiyon belli oldu - DHA | Demirören Haber Ajansı,0.0
2025-05-08,TUPRS,Tüpraş işçilerinin satış sözleşmesine karşı mücadelesinde ileriye giden yol - World Socialist Web Site,0.0
2025-05-08,TUPRS,Kocaeli’deki TÜPRAŞ eylemi sona erdi: Biz bastırmasaydık bu eylemi de yapmayacaklardı - Evrensel.net,0.0
2025-05-09,BIMAS,BİM hisselerine güven sürüyor: Hedef fiyatlar güncellendi - Paratic Haber,0.0
2025-05-09,BIMAS,BİM Birleşik Mağazalar (BIMAS) temettü kararı tescil edildi - Rota Borsa,0.0
2025-05-09,BIMAS,BİM Birleşik Mağazalar (BIMAS) sermaye azaltımı tarihini açıkladı - Rota Borsa,0.0
2025-05-09,THYAO,"Haftanın Manşetleri: Buffett vedası, Bitcoin rallisi, THYAO ve Rolls-Royce işbirliği - getmidas.com",0.0
2025-05-09,THYAO,"Turkish Airlines Open’da Yol Yarılandı: Couvra Liderlikte, Açıkalın Türk Golf Tarihine Geçti - eurosport.com.tr",0.0
2025-05-09,THYAO,Golfün dünya yıldızları Türkiye'de: Turkish Airlines Open 2025'te buluştu - CNN Türk,0.0
2025-05-09,THYAO,"Turkish Airlines Golf Turnuvası başladı: Williams, Couvra ve Christensen birinciliği paylaştı - CNN Türk",0.0
2025-05-09,THYAO,Turkish Airlines Open'a ikinci günün lideri Martin Couvra! - Milliyet,0.0
2025-05-10,BIMAS,BİM Birleşik Mağazalar (BIMAS) sermaye azaltımı tarihini duyurdu - Ekonomist,0.0
2025-05-10,BIMAS,BİM sermaye azaltımı için tarih verdi - GZT,0.0
2025-05-10,THYAO,"Leon Açıkalın, Turkish Airlines Open 2025'in final raundunda mücadele edecek - Anadolu Ajansı",0.0
2025-05-11,THYAO,"Turkish Airlines Open’da Çekişmeli Final, Couvra’ya İlk Zaferini Getirdi - eurosport.com.tr",0.0
2025-05-11,THYAO,"Gençlik ve Spor Bakanı Osman Aşkın Bak, Turkish Airlines Open 2025'te CNN Türk'e açıklamalarda bulundu - Hürriyet",0.0
2025-05-11,THYAO,Turkish Airlines Open’da şampiyon Martin Couvra - DHA | Demirören Haber Ajansı,0.0
2025-05-11,THYAO,Turkish Airlines Open 2025 Golf Turnuvası'nda şampiyon belli oldu - Yeni Şafak,0.0
2025-05-12,BIMAS,BİM Birleşik Mağazalar (BIMAS) hisse senedi fiyatında düzeltme yapılacak - Rota Borsa,0.0
2025-05-12,BIMAS,Borsa İstanbul’dan BİM Birleşik Mağazalar (BIMAS) duyurusu - Rota Borsa,0.0
2025-05-12,BIMAS,BİM Birleşik Mağazalar (BIMAS) hisseleri için yeni hedef fiyat açıklandı! - Rota Borsa,0.0
2025-05-12,THYAO,Turkish Airlines Open 2025’i Martin Couvra kazandı - Haber Aero,0.9999990000010001
2025-05-12,THYAO,"Trendyol, Turkish Airlines EuroLeague Final Four 2025'in resmi sponsoru oldu - MediaCat - MediaCat",0.0
2025-05-12,THYAO,Turkish Airlines Open 2025’i Martin Couvra Kazandı - HavaSosyalMedya,0.9999990000010001
2025-05-12,THYAO,Turkish Airlines Open Golf Turnuvası sona erdi - Spor Haberleri | Video - CNN Türk,0.0
2025-05-12,THYAO,"Trendyol, Turkish Airlines EuroLeague Final Four 2025’in resmi sponsoru oldu - Milliyet",0.0
2025-05-12,THYAO,"Trendyol, Turkish Airlines EuroLeague Final Four 2025’in resmi sponsoru oldu - DHA | Demirören Haber Ajansı",0.0
2025-05-12,TUPRS,Tüpraş beklentilerin altında kar açıkladı - Forbes Türkiye,0.0
2025-05-13,BIMAS,MKK’dan BİM Birleşik Mağazalar (BIMAS) duyurusu - Rota Borsa,0.0
2025-05-13,TUPRS,Beşiktaş Tüpraş-Batman Bedensel Engelliler SK Dostluk Maçı Öncesi Tüpraş Stadyumu'nda Buluşma - Bjk.com.tr,0.0
2025-05-14,BIMAS,Bim’den (BIMAS) sermaye azaltımı sonrası temettü düzenlemesi - Paratic Haber,0.0
2025-05-14,BIMAS,"BİM, Sermaye İndirimi Sonrası Temettü Tutarını Güncelledi - Borsa Gundem",0.0
2025-05-14,BIMAS,BİM Birleşik Mağazalar (BIMAS) temettü kararını güncelledi - Rota Borsa,0.0
2025-05-14,THYAO,"Turkish Airlines Holidays, ABD ve Kanada’daki Yolcularla Buluştu - HavaSosyalMedya",0.0
2025-05-15,THYAO,Şam'da Türk hava şehitleri anıldı - Anadolu Ajansı,0.0
2025-05-15,TUPRS,Tüpraş (TUPRS) için 7 farklı hedef fiyat: Potansiyel ne kadar? - Paratic Haber,0.0
2025-05-15,TUPRS,"Günün öne çıkan gelişmeleri: SASA, TUPRS, GLCVY, GSDHO, JANTS (15 Mayıs) - getmidas.com",0.0
2025-05-15,TUPRS,"Tüpraş, 7 uluslararası bankadan 500 milyon dolar sendikasyon kredisi temin etti - Anadolu Ajansı",0.0
2025-05-15,TUPRS,Tüpraş sendikasyon kredisi sağladı | Son dakika ekonomi haberleri - Bloomberght,0.0
2025-05-15,TUPRS,Tüpraş’tan sürdürülebilirlik odaklı 500 milyon dolarlık sendikasyon kredisi Yazar Investing.com - Investing.com Türkiye,0.0
2025-05-15,TUPRS,Tüpraş'a 500 milyon dolarlık sendikasyon kredisi - CNBC-e,0.0
2025-05-16,BIMAS,7 hisse için hedef fiyat açıklandı: BIMAS ve MGROS listede - Paratic Haber,0.0
2025-05-21,THYAO,Türk Hava Yolları (THYAO) geri alım programına başlıyor - Paratic Haber,0.0
2025-05-22,THYAO,"THYAO’nun geri alım kararı, tedbir getirilen hisseler, sermaye artırım onayı alan şirketler: BIST şirketlerinden güncel haberler - Investing.com Türkiye",0.0
2025-05-23,BIMAS,Bank of America (BofA) üzerinden Bim Birleşik Mağazalar (BIMAS) hisselerinde yüklü alım - Rota Borsa,0.0
2025-05-23,TUPRS,STAR Rafineri ve SOCAR Petrol İhracatın Yıldızları Ödülleri'nde ilk iki sırayı paylaştı - Anadolu Ajansı,0.0
2025-05-23,TUPRS,"STAR Rafineri ve Petkim, Ege'nin en büyük sanayi kuruluşları arasında ilk üçte yer aldı - Anadolu Ajansı",0.0
2025-05-23,TUPRS,Zirve değişmedi; İzmir’in en büyüğü Star Rafineri - Deniz Haber,0.0
2025-05-23,TUPRS,STAR Rafineri ve SOCAR Petrol Ticaret 2024 yılında da “İhracatın Yıldızı” oldu - ekovitrin.com,0.0
2025-05-23,TUPRS,"""Üretimden Satışlar"" kriterine göre, STAR Rafineri birinci oldu - Oxu.Az",0.0
2025-05-24,TUPRS,STAR Rafineri ve SOCAR İhracatın Yıldızı Oldu! - gunaydinaliaga.com,0.0
2025-05-25,THYAO,"Fenerbahçe Bir Kez Daha Tarih Yazdı, Türkiye’ye 9. Avrupa Kupasını Getirdi - Eurohoops",0.0
2025-05-25,THYAO,Turkish Airlines EuroLeague şampiyonu Fenerbahçe: Kupa İstanbul’a geliyor - HavaHaber,0.0
2025-05-25,THYAO,Turkish Airlines Euroleague’de Şampiyon Fenerbahçe Beko - BasketTR,0.0
2025-05-25,THYAO,Fenerbahce Beko wins 2nd Turkish Airlines Euroleague title - Anadolu Ajansı,0.0
2025-05-25,TUPRS,Tüpraş Kırıkkale Rafinerisi Lisanssız GES projesi İDK toplantısı 20 Haziran’da yapılacak Yazar Foreks - Investing.com Türkiye,0.0
2025-05-25,TUPRS,Hazine’den 2 rafineriye onay: 10 altın rafinerisi sırada haberi - borsaningundemi.com,0.0
2025-05-26,BIMAS,Bank of America (BofA) üzerinden Bim Birleşik Mağazalar (BIMAS) hisselerinde yüklü alım - Rota Borsa,0.0
2025-05-26,THYAO,"Fenerbahçe, Turkish Airlines EuroLeague’i kazandı - Haber Aero",0.9999990000010001
2025-05-26,THYAO,Turkish Airlines EuroLeague Final Four 2025’i Fenerbahçe Beko Kazandı - HavaSosyalMedya,0.9999990000010001
2025-05-27,THYAO,Haberler Türk Hava Yolları ile Kapsamlı Protokol - OGM,0.0
2025-05-27,THYAO,Türkiye’s flag carrier Turkish Airlines remains country’s most valuable brand - Anadolu Ajansı,0.0
2025-05-27,THYAO,"Parayı THY verdi, Fenerbahçe’yi Free Bird taşıdı… THY tarihinin en uzun süreli sponsorluğu - Tolga Özbek",0.0
2025-05-27,THYAO,"Uludağ İçecek, 3 markasıyla Turkish Airlines EuroLeague Final Four 2025’in resmi sponsor oldu - Manisa'da Denge'",0.0
2025-05-27,TUPRS,Türkiye'nin en büyük sanayi kuruluşu TÜPRAŞ - Anadolu Ajansı,0.0
2025-05-27,TUPRS,2024'te Türkiye'nin en büyüğü yine TÜPRAŞ - birgun.net,0.0
2025-05-28,BIMAS,"JP Morgan, Türk hisseleri için tavsiyesini düşürdü - getmidas.com",-0.9999990000010001
2025-05-28,TUPRS,Türkiye’nin en büyük şirketi TÜPRAŞ - Para Dergisi,0.0
2025-05-28,TUPRS,"Aleks Metal Rafineri, en büyük 500 listesine 113’üncü sıradan girdi - Ekonomim",0.0
2025-05-30,BIMAS,"SPK, BİM Birleşik Mağazalar’ın (BIMAS) başvurusuna onay verdi - Rota Borsa",0.0
2025-05-31,THYAO,THY'nin yeni uygulamasına ABD medyasından övgü - Anadolu Ajansı,0.0
2025-06-01,BIMAS,SPK'dan BİM'e (BIMAS) onay - Ekonomist,0.0
2025-06-01,THYAO,"Cumhurbaşkanı Erdoğan’dan, Hava Kuvvetleri Komutanlığı’na kutlama mesajı - İletişim Başkanlığı",0.0
2025-06-02,BIMAS,"SANFM’den açıklama, KERVT’de kod değişikliği, BIMAS’tan devir: BIST şirketlerinden güncel haberler - Investing.com Türkiye",0.0
2025-06-02,THYAO,THY temettü ödeme tarihleri yaklaşıyor! Türk Hava Yolları (THYAO) temettü ödemesi 2025 ne zaman yatacak? - Bigpara,0.0
2025-06-02,THYAO,THY ile Tayland'ın hava yolu şirketi Thai Airways arasında işbirliği - Anadolu Ajansı,0.0
2025-06-02,THYAO,Türk Hava Yolları Yönetim Kurulu Başkanı Ahmet Bolat yeniden IATA Yönetim Kurulu'nda - Bigpara,0.0
2025-06-03,TUPRS,Borsada 7 hisse için hedef fiyat açıklandı: TUPRS listede - Paratic Haber,0.0
2025-06-05,BIMAS,BİM Birleşik Mağazalar (BIMAS) bedelsiz sermaye artırımı potansiyeli - Rota Borsa,0.0
2025-06-05,THYAO,Yapay zeka destekli uçuş deneyimi: THY'nin MCP Sunucusu - Webrazzi,0.0
2025-06-06,TUPRS,"11 hisse için hedef fiyat: ULKER, TUPRS ve SAHOL listede - Paratic Haber",0.0
2025-06-07,THYAO,"Dünyanın en büyük amatör golf turnuvası ""Turkish Airlines World Golf Cup"" Astana'da da yapıldı - Anadolu Ajansı",0.0
2025-06-08,BIMAS,"TUPRS, DOAS, BIMAS, ASELS ve THYAO için aracı kurumlar fiyat verdi * Borsa İstanbul bayram ediyor - Ekonomim",0.0
2025-06-08,TUPRS,"TUPRS, DOAS, BIMAS, ASELS ve THYAO için aracı kurumlar fiyat verdi * Borsa İstanbul bayram ediyor - Ekonomim",0.0
2025-06-09,THYAO,"SOLOTÜRK, Türk Hava Kuvvetlerinin 114'üncü yılına özel uçuşun kokpit görüntülerini paylaştı - Anadolu Ajansı",0.0
2025-06-09,THYAO,"THY, Boeing olmazsa Airbus’a yönelecek! - Haber Aero",0.0
2025-06-10,THYAO,"Tüpraş ile THY, Türkiye’nin karbon nötr hedefine katkı sağlayacak bir iyi niyet anlaşması imzaladı - Foreks.com",0.0
2025-06-10,TUPRS,Tüpraş (TUPRS) ile THY arasında iyi niyet anlaşması imzalandı - Paratic Haber,0.0
2025-06-10,TUPRS,"Tüpraş ile THY, Türkiye’nin karbon nötr hedefine katkı sağlayacak bir iyi niyet anlaşması imzaladı - Foreks.com",0.0
2025-06-10,TUPRS,Tüpraş ve THY arasında stratejik iş birliği - Platin Dergisi,0.0
2025-06-11,THYAO,Turkish Airlines carries 34M passengers in Jan-May period - Anadolu Ajansı,0.0
2025-06-11,TUPRS,Tüpraş ve THY’den yakıtta işbirliği - Bigpara,0.0
2025-06-11,TUPRS,Tüpraş ve THY’den sürdürülebilir havacılık yakıtı için iş birliği - DonanımHaber,0.0
2025-06-12,THYAO,"THYAO, MAVI ve ARCLK için hedef fiyat açıklandı - Paratic Haber",0.0
2025-06-13,THYAO,THY HİSSE 2025 || THY temettü ödemesi ne zaman 2025? THYAO hisse başı ne kadar ödeme yapacak? - Bigpara,0.0
2025-06-13,THYAO,İsrail-İran gerilimi: Türkiye'den hangi uçuşlar iptal? - DW,0.0
2025-06-13,THYAO,"Türkiye cancels flights to Iran, Iraq, Jordan and Syria until June 16 - Anadolu Ajansı",0.0
2025-06-13,TUPRS,"Başkanımız Serdal Adalı, Tüpraş Stadyumu'nda Öğrencilerle Buluştu - Bjk.com.tr",0.0
2025-06-15,TUPRS,"İran’ın nükleer kalbi İsfahan bir kez daha hedefte: İsrail bir tesise saldırdı, rafineri iddiası yalanlandı - CNBC-e",0.0
2025-06-16,THYAO,THY temettü ne zaman verilecek? THY THYAO 1. ve 2. taksit nakit kar payı hak kullanım tarihi | Özgün Haberler - Yeni Şafak,0.0
2025-06-16,THYAO,"Turkish Airlines, Pegasus aircraft stranded in Iran and Iraq - Haber Aero",0.0
2025-06-16,THYAO,Turkish Airlines EuroLeague Transferleri – 2025/2026 - Eurohoops,0.0
2025-06-16,TUPRS,İran'dan kritik darbe: Hayfa'daki dev rafineri hedef alındı - İlke Haber Ajansı,0.0
2025-06-17,BIMAS,BİM (BIMAS) temettü miktarı ve temettü ödeme tarihi (2025) - Ekonomist,0.0
2025-06-17,THYAO,"THY onuncu kez ""Avrupa'nın En İyi Havayolu"" şirketi seçildi - Anadolu Ajansı",0.0
2025-06-17,THYAO,Artvin'de Türk Hava Kurumunca 10 kişiye yamaç paraşütü eğitimi verdi - Anadolu Ajansı,0.0
2025-06-17,THYAO,Turkish Airlines Boosts Training Capacity with New HAVELSAN Simulator - Air News Times,0.0
2025-06-17,TUPRS,İsrail Tahran'da rafineri vurdu! - CNN Türk,0.0
2025-06-18,THYAO,"THY (THYAO) temettü ne zaman yatacak, saat kaçta hesaba geçer? Türk Hava Yolları (THY) temettü 1. taksit ödemesi Haziran 2025! - Bigpara",0.0
2025-06-18,THYAO,Türk Hava Yolları üçüncü kez Paris Air Show’a katıldı... Hedef katma değerli yolcu - Bigpara,0.0
2025-06-19,THYAO,"THYAO 1. Taksit Temettü Ödemesi Tamamlandı — Son Dakika Havacılık Haberleri | Türk Hava Yolları, - AirlineHaber",0.0
2025-06-19,TUPRS,TUPRS teknik analizinde alım fırsatı: Hedef 148 TL! - Paratic Haber,0.0
2025-06-19,TUPRS,Borsanın yıldızı TUPRS için 10 aracı kurum fiyat tahmini açıkladı - Ekonomim,0.0
2025-06-19,TUPRS,"İsrail'in enerji altyapısı hasar alıyor: Rafineri kapandı, doğal gaz üretimi durdu - Dünya Gazetesi",0.0
2025-06-20,BIMAS,Başkan Topbaş kendi ortak şirketine BIMAS payı satın aldı - Paratic Haber,0.0
2025-06-20,THYAO,"THYAO, Air Europa’da azınlık hissesi almayı değerlendiriyor - getmidas.com",0.0
2025-06-20,TUPRS,"Türkiye, Rusya’dan petrol ithalatını son 12 ayın zirvesine çıkardı - Harici",0.0
2025-06-21,THYAO,EuroLeague CEO’su: “Turkish Airlines ile Görüşüyoruz Ancak…” - Eurohoops,0.0
2025-06-21,THYAO,Turkish Airlines Flight Academy 13 Yaşında - HavaSosyalMedya,0.0
2025-06-22,TUPRS,2025-2026 Sezonu Kombine Yenileme Dönemi Hakkında Bilgilendirme - Bjk.com.tr,0.0
2025-06-23,THYAO,"Günün öne çıkan gelişmeleri: ENKAI, KBORU, SAHOL, THYAO, HLGYO (23 Haziran) - getmidas.com",0.0
2025-06-23,THYAO,Amerikan bombardıman uçaklarının Türk hava sahasını kullandığı iddiaları yalanlandı - Anadolu Ajansı,0.0
2025-06-23,THYAO,"Türk Hava Yolları Doha, Dubai, Kuveyt ve Maskat seferlerini iptal etti - Gazete Oksijen",0.0
2025-06-24,BIMAS,BİM'de (BIMAS) üst düzey yönetici değişikliği - Ekonomist,0.0
2025-06-24,THYAO,THY'den yurt içi uçuşlarda avantajlı bilet kampanyası - Anadolu Ajansı,0.0
2025-06-24,THYAO,"THY, Irak seferlerine yeniden başlıyor - Anadolu Ajansı",0.0
2025-06-25,BIMAS,BİMAS için 16 aracı kurum fiyat verdi! Yüzde 100’e yakın getiri potansiyeli - Ekonomim,0.0
2025-06-25,BIMAS,Model portföyde yer alan perakende hissesi 844 TL’ye çıkacak - Paratic Haber,0.0
2025-06-25,BIMAS,BİM’de CEO değişikliği! haberi - borsaningundemi.com,0.0
2025-06-26,THYAO,Türk Hava Yolları’nda Yeni Atamalar 2025 [#HSMözel Haber] - HavaSosyalMedya,0.0
2025-06-27,THYAO,"""Asenalar Filo"", Türk Hava Kuvvetlerinin Gök Vatan'da kesintisiz uçuş yapmasını sağlıyor - Anadolu Ajansı",-0.9999990000010001
2025-06-29,BIMAS,"HAZİRAN AYI TEMETTÜ TAKVİMİ: 2025 Haziran Ayı Temettü Veren Hisseler Neler? Bu Hisseler Ne Kadar Temettü Dağıtacak? Türk Hava Yolları, BİM, Turkcell, BIMAS, ENKAI... - CNN Türk Finans",0.0
2025-06-30,BIMAS,BİM’in kısmi bölünme planı genel kurulda onaylandı - Borsa Gundem,0.0
2025-06-30,BIMAS,Bim Birleşik Mağazalar (BIMAS) hisselerinde özel emir ile işlem yapıldı - Rota Borsa,0.0
2025-06-30,BIMAS,BİM Birleşik Mağazalar’dan (BIMAS) FİLE Market kararı - Rota Borsa,0.0
2025-07-01,THYAO,BofA KCHOL ve THYAO hisselerinde alım yaptı - Paratic Haber,0.0
2025-07-01,THYAO,EuroLeague’de Turkish Airlines Dönemi Sona Erdi - Eurohoops,0.0
2025-07-01,THYAO,Turkish Airlines Artık Euroleague’in Sponsoru Değil - Basketfaul,0.0
2025-07-01,THYAO,THY nin 15 yıllık EuroLeague sponsorluğu sona erdi - beinsports.com.tr,0.0
2025-07-01,TUPRS,Tüpraş için hedef fiyat ve tavsiyede değişiklik yok! - Paratic Haber,0.0
2025-07-02,BIMAS,BIMAS için kritik uyarı: Bu seviye üzeri kalıcılık takipte - Paratic Haber,0.0
2025-07-03,BIMAS,BIMAS analizi: 507 TL seviyesi yakından izlenmeli - Paratic Haber,0.0
2025-07-03,BIMAS,BİM Birleşik Mağazalar (BIMAS) 2026 temettü tahmini - Rota Borsa,0.0
2025-07-03,THYAO,THYAO teknik analiz: Kar satışları gündeme gelebilir - Paratic Haber,0.0
2025-07-04,THYAO,BofA’dan 1 milyar TL’yi aşan alım: THYAO zirveye yerleşti - Paratic Haber,0.0
2025-07-07,THYAO,"Turkish Republic of Northern Cyprus inks protocol with Turkish Airlines, AJet - Anadolu Ajansı",0.0
2025-07-07,THYAO,Ada Kıbrıs Projesi kapsamında KKTC ile THY ve AJet arasında protokol imzalandı - Anadolu Ajansı,0.0
2025-07-07,TUPRS,Tüpraş (TUPRS) 2025 ikinci çeyrek bilanço tarihi açıklandı - Paratic Haber,0.0
2025-07-08,BIMAS,Bim Birleşik Mağazalar (BIMAS) hisselerinde Bank of America (BofA) üzerinden yüklü satış - Rota Borsa,0.0
2025-07-08,THYAO,"Türk Hava Yolları, İran’ın beş şehrine uçuşlarını başlattı (İran) - İletişim Başkanlığı",0.0
2025-07-08,THYAO,Türk Hava Yolları Haziran 2025 dönemine ilişkin trafik sonuçlarını paylaştı - CNBC-e,0.0
2025-07-08,THYAO,Turkish Airlines to continue Misrata flights in September - Anadolu Ajansı,0.0
2025-07-08,THYAO,Türkiye’s flag carrier Turkish Airlines offers transit passengers free tours of Istanbul film studio - Anadolu Ajansı,0.0
2025-07-09,BIMAS,BİM Birleşik Mağazalar (BIMAS) hisseleri için hedef fiyat açıklandı - Rota Borsa,0.0
2025-07-09,THYAO,THYAO için hedef fiyat yükseldi: 439 TL mümkün mü? - Paratic Haber,0.0
2025-07-09,THYAO,"Günün öne çıkan gelişmeleri: MIATK, GRSEL, THYAO, GIPTA, MERCN (9 Temmuz) - getmidas.com",0.0
2025-07-09,THYAO,Türk Hava Yolları’ndan 2025’in ilk yarısında güçlü performans… İşte veriler! - Turizm Ajansı,0.9999991666673612
2025-07-09,TUPRS,TUPRS analizi: Orta vadeli yükseliş trendi etkisi sürüyor - Paratic Haber,0.9999990000010001
2025-07-09,TUPRS,"TÜPRAŞ, 2. çeyrek bilanço tarihini duyurdu - Ekonomist",0.0
2025-07-09,TUPRS,Tüpraş’ın Alkilasyon Tesisi projesi ile ilgili ’ÇED Olumlu’ kararı verildi Yazar Foreks - Investing.com Türkiye,0.9999990000010001
2025-07-10,BIMAS,BİM Birleşik Mağazalar (BIMAS) hisseleri için yeni hedef fiyat açıklandı - Rota Borsa,0.0
2025-07-12,TUPRS,Orkun Kökçü İçin Tüpraş Stadyumu'nda İmza Töreni Düzenlenecek - Bjk.com.tr,0.0
2025-07-14,THYAO,"THY'nin Ürdün, Suriye, Lübnan, İran ve Irak'a seferleri devam ediyor - Anadolu Ajansı",0.0
2025-07-14,TUPRS,Aracı kurum 4 hisseyi teknik takibe aldı: TUPRS listede - Paratic Haber,0.0
2025-07-14,TUPRS,Tüpraş (TUPRS) 2Ç25 beklentisi: 6.866 milyon TL net kâr - Paratic Haber,0.0
2025-07-15,THYAO,Türk hava sahasında günlük transit uçuş ve uçak trafiğinde rekor kırıldı - Anadolu Ajansı,0.9999991666673612
2025-07-16,BIMAS,"BIMAS, KTLEV, TURSG: Günün hisselerinde önemli seviyeler - Paratic Haber",0.0
2025-07-16,BIMAS,"HSBC, Türk şirketleri için hedef fiyatlarını revize etti - getmidas.com",0.0
2025-07-16,BIMAS,"HSBC, BİM Birleşik Mağazalar (BIMAS) hisseleri için hedef fiyatını açıkladı - Rota Borsa",0.0
2025-07-16,THYAO,THYAO için alım yönünde pozisyon önerisi ve hedefler verildi - Paratic Haber,0.0
2025-07-16,THYAO,Turkish Airlines Holidays ile 100 bin mil kazanma fırsatı - Haber Aero,0.9999990000010001
2025-07-16,THYAO,Turkish Airlines Holidays’den 100.000 Mil’e varan kazanç fırsatı - Tolga Özbek,0.9999990000010001
2025-07-16,THYAO,Turkish Airlines Holidays özel mil kampanyası başlattı - Haberton,0.0
2025-07-16,THYAO,THY'nin resmi tatil platformundan özel mil kampanyası - Bigpara,0.0
2025-07-17,BIMAS,"Citi BIMAS, MGROS ve SOKM için hedef fiyatını güncelledi - Paratic Haber",0.0
2025-07-17,BIMAS,"Citi, BİM Birleşik Mağazalar (BIMAS) hisseleri için hedef fiyatını açıkladı - Rota Borsa",0.0
2025-07-17,THYAO,THYAO 2Ç25 tahmini: FAVÖK’te çeyreklik yüzde 337 artış - Paratic Haber,0.9999990000010001
2025-07-17,THYAO,TÜRK HAVA SAHASINDA TARİHİ REKOR - T.C. Ulaştırma ve Altyapı Bakanlığı,0.9999991666673612
2025-07-17,THYAO,THY KABİN MEMURU BAŞVURU: Türk Hava Yolları (THY) Başvurusu Nasıl Yapılır? THY Kabin Memuru Başvuru Şartları Neler? - CNN Türk,0.0
2025-07-17,THYAO,Turkish Airlines Holidays’ten özel ‘mil kampanyası’ - Milliyet,0.0
2025-07-17,TUPRS,TÜPRAŞ HİSSE SENEDİ YORUMLARI: TÜPRAŞ (TUPRS) Temettü Tarihi Ne? Tüpraş Ne Kadar Temettü Verecek? - CNN Türk Finans,0.0
2025-07-18,THYAO,Aracı kurum THYAO için hedef fiyatını düşürdü - Paratic Haber,-0.9999990000010001
2025-07-18,THYAO,"THYAO, PGSUS, TAVHL için 2Ç25 tahmin ve hedef fiyatları - Paratic Haber",0.0
2025-07-18,THYAO,Türk Hava Yolları pilotları ne kadar maaş alıyor? - Haber Aero,0.0
2025-07-18,TUPRS,"AB yaptırımları, Rosneft’in Hindistan’daki rafineri hisselerini satış planını tehlikeye attı - Harici",0.0
2025-07-19,THYAO,Türk Hava Yolları’nda Pilot Olmak - HavaSosyalMedya,0.0
2025-07-21,TUPRS,Tüpraş’ta bilanço beklentisiyle hedef fiyat yükseldi - Paratic Haber,0.0
2025-07-22,BIMAS,"BIMAS için ""AL"" önerisi: Teknik görünüm güçleniyor - Paratic Haber",0.0
2025-07-22,BIMAS,Bim Birleşik Mağazalar (BIMAS) hisselerinde Bank of America (BofA) ve HSBC üzerinden yüklü alım - Rota Borsa,0.0
2025-07-22,THYAO,"Cumhurbaşkanı Ersin Tatar, THY’i ziyaret etti - KKTC Cumhurbaşkanlığı",0.0
2025-07-23,BIMAS,"BIMAS, BRISA, VESTL: Günün paylarında izlenecek seviyeler - Paratic Haber",0.0
2025-07-23,THYAO,THYAO için alım tavsiyesi: Teknik analizde hedef verildi - Paratic Haber,0.0
2025-07-23,THYAO,Yankı Bağcıoğlu: “Atatürk’ün Emaneti Türk Hava Kurumu Yıpratılıyor. THK’ya Yönelik Baskılar ve Tasfiye Süreci Derhal Son Bulmalı” - chp.org.tr,0.0
2025-07-28,THYAO,Türk hava sahasında günlük transit uçuş ve uçak trafiği rekoru kırıldı - Anadolu Ajansı,0.9999990000010001
2025-07-28,THYAO,TÜRK HAVA SAHASINDA HER GÜN YENİ REKOR - T.C. Ulaştırma ve Altyapı Bakanlığı,0.9999991666673612
2025-07-28,THYAO,THY'nin Halep uçuşları yeniden başlıyor - Anadolu Ajansı,0.0
2025-07-28,TUPRS,Tüpraş ve Ford dahil 13 şirket bu hafta bilanço açıklayacak - Paratic Haber,0.0
2025-07-29,BIMAS,BIMAS 2Ç25 tahmini: Net kâr yıllık bazda yüzde 53 azalabilir - Paratic Haber,0.0
2025-07-29,BIMAS,BİM Birleşik Mağazalar (BIMAS) hisseleri için yeni hedef fiyat açıklandı - Rota Borsa,0.0
2025-07-29,THYAO,THY’nin uçağında yolcu öldü: Uçuş 5 saat gecikti - rudaw.net,0.0
2025-07-29,TUPRS,"TUPRS, TAVHL ve OTKAR bilançosundan ne bekleniyor? - getmidas.com",0.0
2025-07-29,TUPRS,Tüpraş’ın (TUPRS) 2025 ikinci çeyrek net karı tahminleri aştı - Paratic Haber,0.0
2025-07-29,TUPRS,Moody’s Tüpraş’ın (TUPRS) kredi notunu yükseltti - Paratic Haber,0.0
2025-07-29,TUPRS,Tüpraş'ın kârı beklentiyi aştı | Son dakika ekonomi haberleri - Bloomberght,0.0
2025-07-29,TUPRS,"Tüpraş ikinci çeyrekte beklentiyi aştı, net kâr 8,8 milyar TL’ye ulaştı - Gazete Oksijen",0.0
2025-07-29,TUPRS,Tüpraş Moody's kredi notunu duyurdu - capital.com.tr,0.0
2025-07-29,TUPRS,TÜPRAŞ'ın karı beklentileri aşarken operasyonel zayıflık sürüyor - CNBC-e,-0.9999990000010001
2025-07-29,TUPRS,TÜPRAŞ 2025/6 Finansal Sonuçlarını Açıkladı - Borsa Gundem,0.0
2025-07-30,TUPRS,TUPRS bilançosu beğenildi: Analistler hedef fiyatını yükseltti - Paratic Haber,0.0
2025-07-30,TUPRS,"3Ç25 için olumlu sinyal: TUPRS beklentiyi aştı, hedef yükseldi - Paratic Haber",0.9999990000010001
2025-07-30,TUPRS,Kârını yüzde 31 artıran Tüpraş için hedef fiyat geldi! - Paratic Haber,0.0
2025-07-30,TUPRS,Tüpraş bilanço analizi: Net kâr beklentilerden 29% daha yüksek - getmidas.com,0.0
2025-07-30,TUPRS,Tüpraş'ın 2. çeyrek kârı beklentileri aştı - Ekonomist,0.0
2025-07-30,TUPRS,Tüpraş’ta beklenti üstü net karla hedef fiyat yükseldi - Paratic Haber,0.0
2025-07-30,TUPRS,Tüpraş’ın güçlü 2. çeyrek sonuçları hacim artışıyla FAVÖK beklentilerini aştı - Investing.com Türkiye,0.9999995833335069
2025-07-31,THYAO,Borsa sınırda: BofA çıkışı hafifletirken hâlâ THYAO satıyor - Paratic Haber,0.0
2025-07-31,TUPRS,TUPRS’ta 2. çeyrek raporu sonrası hedef fiyat yükseltildi - Paratic Haber,0.0
2025-08-01,TUPRS,"TUPRS güçlü 3Ç sinyali: Marjlar yükseldi, hedef fiyat korundu - Paratic Haber",0.9999991666673612
2025-08-01,TUPRS,Tüpraş Ürün Marjları (Temmuz 2025) - Tacirler,0.0
2025-08-01,TUPRS,Aracı kurum Tüpraş ürün marjlarını olumlu olarak yorumladı - Paratic Haber,0.9999990000010001
2025-08-02,TUPRS,"Trump, Rusya’yı tehdit etti, Ukrayna Rusya içlerine nokta atışı saldırılar yaptı: Rafineri ve askeri tesisler vuruldu - Serbestiyet",0.0
2025-08-04,BIMAS,9 hissede hedef fiyat açıklandı: BIMAS ve FROTO listede - Paratic Haber,0.0
2025-08-05,THYAO,THYAO için alım önerisi: 340 TL’ye yükselir mi? - Paratic Haber,0.0
2025-08-05,THYAO,THYAO’nun 2025 ikinci çeyrek net karı beklentileri aştı - Paratic Haber,0.0
2025-08-05,THYAO,THY 2. Çeyrek Finansal Tablolar Açıklandı - Borsa Gundem,0.0
2025-08-05,THYAO,"THY’den 6 ayda 42 milyon yolcu, 10 milyar dolar gelir - Haber Aero",0.0
2025-08-06,BIMAS,Bim Birleşik Mağazalar (BIMAS) 2Ç25 finansal takvimini açıkladı - Paratic Haber,0.0
2025-08-06,BIMAS,BİM (BIMAS) bilanço tarihi belli oldu (2025 2. Çeyrek) - Ekonomist,0.0
2025-08-06,BIMAS,BIMAS kısa vadeli alım önerisi: Kurum seviyeleri açıkladı - Paratic Haber,0.0
2025-08-06,BIMAS,Bim Birleşik Mağazalar (BIMAS) bilanço tarihi açıklandı - Rota Borsa,0.0
2025-08-06,BIMAS,Bim Birleşik Mağazalar (BIMAS) hisselerinde Bank of America (BofA) üzerinden yüklü alım - Rota Borsa,0.0
2025-08-06,THYAO,Dört ayın zirvesine çıkan THYAO için 13 farklı hedef fiyat - Paratic Haber,0.0
2025-08-06,THYAO,Bilanço sonrası güçlü seyir: THYAO için kritik seviye ne? - Paratic Haber,0.9999991666673612
2025-08-06,THYAO,THY Bilanço analizi: Piyasa beklentilerini yenen kârlılık - getmidas.com,0.0
2025-08-06,THYAO,BofA THYAO’nun bilançosunu sevdi: 1 milyar TL’lik alım yaptı - Paratic Haber,0.0
2025-08-06,THYAO,THYAO güçlü para girişi: En yakın rakibine 7 kat fark attı - Paratic Haber,0.9999991666673612
2025-08-06,THYAO,"Yüzde 54,6 potansiyel: THYAO hedef fiyatı 456,9 TL oldu - Paratic Haber",0.0
2025-08-06,THYAO,THYAO 2Ç25 finansalları beğenildi mi? Hedef fiyat değişti - Paratic Haber,0.0
2025-08-06,THYAO,"THYAO hedef fiyatı 508,5 TL, tavsiye AL olarak korundu - Paratic Haber",0.0
2025-08-06,TUPRS,Kırıkkale Üniversitesi ve Tüpraş iş birliğiyle gerçekleşen Temel Rafinericilik Staj Programı ilk mezunlarını verdi - Anadolu Ajansı,0.0
2025-08-07,THYAO,"Tera Yatırım, THYAO hedef fiyatını 543,9 TL’ye yükseltti - Paratic Haber",0.0
2025-08-07,THYAO,Temmuz’da Türk Hava Yolları’ndan (THYAO) güçlü trafik sonuçları - Paratic Haber,0.9999991666673612
2025-08-07,THYAO,THY’den Air Europa hamlesi: Teklif sunmaya karar verdi - Paratic Haber,0.0
2025-08-07,THYAO,ABD'nin Suriye Özel Temsilcisi Barrack’dan THY’ye övgü - rudaw.net,0.0
2025-08-10,BIMAS,Mavi ve 2 Şirketin Güçlü Bilanço Açıklaması Bekleniyor! - Para Ajansı,0.9999991666673612
2025-08-10,TUPRS,İsviçre altın rafineri sektörü ABD gümrük vergilerinden etkilendi - FashionNetwork.com,0.0
2025-08-11,THYAO,"Haftalık 3 hisse tavsiyesi: SISE, THYAO, TTRAK - Paratic Haber",0.0
2025-08-12,BIMAS,"ALARK, BIMAS, MPARK: Günün önerileri için kritik seviyeler - Paratic Haber",0.0
2025-08-12,BIMAS,BİM Birleşik Mağazalar (BIMAS) hisseleri için yeni hedef fiyat açıklandı - Rota Borsa,0.0
2025-08-12,TUPRS,Tüpraş 2. temettü ödemesi ne zaman (2025) - Ekonomist,0.0
2025-08-13,THYAO,THY’den Air Europa’ya 275 milyon euroluk teklif - Haber Aero,0.0
2025-08-14,BIMAS,Bim’in (BIMAS) 2Ç25 net karı beklentileri karşıladı mı? - Paratic Haber,0.0
2025-08-14,BIMAS,BİM Birleşik Mağazalar (BIMAS) 2025 2. çeyrek bilançosu açıklandı! Beklentiyi karşıladı mı? İşte detaylar - Rota Borsa,0.0
2025-08-14,BIMAS,BİM Birleşik Mağazalar (BIMAS) 2025 2. çeyrek bilanço beklentisi - Rota Borsa,0.0
2025-08-14,BIMAS,BİM Birleşik Mağazalar (BIMAS) 2025 yılı 2. çeyrek bilançosunu açıkladı! İşte detaylar - Rota Borsa,0.0
2025-08-14,THYAO,"Türkiye Hava Sporları Federasyonu, FAI'nin tüm sportif yetkilerini devraldı - Anadolu Ajansı",0.0
2025-08-14,TUPRS,"Günün öne çıkan gelişmeleri: HRKET, TUPRS, GSDHO, DCTTR, LILAK (14 Ağustos) - getmidas.com",0.0
2025-08-14,TUPRS,Batman Üniversitesi ve Tüpraş iş birliğiyle gerçekleştirilen Temel Rafinericilik Staj Programı tamamlandı - Anadolu Ajansı,0.0
2025-08-14,TUPRS,"Tüpraş, Fitch kredi notunu duyurdu - Ekonomist",0.0
2025-08-14,TUPRS,"Fitch, Tüpraş’ın uzun vadeli kredi notunu değiştirmedi - capital.com.tr",0.0
2025-08-14,TUPRS,Batman Üniversitesi ve Tüpraş iş birliğiyle gerçekleştirilen Temel Rafinericilik Staj Programı tamamlandı - Gündem11,0.0
2025-08-14,TUPRS,Batman’da rafineri eğitimi tamamlandı - Batman Sonsöz,0.0
2025-08-15,BIMAS,BİM beklentilerin altında kaldı: Net kar yüzde 53 düştü - CNBC-e,-0.9999990000010001
2025-08-15,BIMAS,FAVÖK’te güçlü büyüme: BIMAS hedef fiyatı belirlendi - Paratic Haber,0.9999995833335069
2025-08-15,BIMAS,BIMAS yatırımcıları için 7 farklı hedef fiyat analizi - Paratic Haber,0.0
2025-08-15,BIMAS,BİM (BIMAS) Hissesi İçin Hedef Fiyat ve Tavsiyeler - Borsa Gundem,0.0
2025-08-15,THYAO,THYAO ve ASELS dahil 15 hisse için hedef fiyat açıklandı - Paratic Haber,0.0
2025-08-15,THYAO,A Milliler THY DBB Süper Kupa’da Boy Gösterecek - BasketTR,0.0
2025-08-15,TUPRS,BofA’dan borsada 482 milyon TL’lik alım: Tüpraş başı çekti - Paratic Haber,0.0
2025-08-18,BIMAS,Ziraat Yatırım’dan BIMAS için 780 TL hedef fiyat - Paratic Haber,0.0
2025-08-18,THYAO,"Düşük çarpanlı hisseler: THYAO, SASA ve ALARK listeye girdi - Paratic Haber",-0.9999990000010001
2025-08-18,TUPRS,Kıymetli Maden Faaliyet İzni Olan Rafineriler Listesi - alomaliye.com,0.0
2025-08-19,BIMAS,"SOKM, MGROS, BIMAS: HSBC’den perakende hisselerinde hedef indirimi - Paratic Haber",0.0
2025-08-19,BIMAS,"BofA’dan 2,8 milyar TL’lik satış: BIMAS ve EREGL listede - Paratic Haber",0.0
2025-08-19,BIMAS,"HSBC, BİM Birleşik Mağazalar (BIMAS) hisseleri için hedef fiyatını açıkladı - Rota Borsa",0.0
2025-08-19,THYAO,Türk Hava Yolları’ndan (THYAO) 300 milyon euroluk yatırım - Paratic Haber,0.0
2025-08-19,THYAO,THY KAP’a bildirdi: Air Europa’ya 300 milyon euro yatırım! - Haber Aero,0.0
2025-08-20,BIMAS,"BIMAS, SOKM ve MGROS için hedef fiyat değişti - Paratic Haber",0.0
2025-08-20,THYAO,Cazip çarpanlı 8 adet BIST 100 hissesi: THYAO listeye girdi - Paratic Haber,0.0
2025-08-20,THYAO,"Günün öne çıkan gelişmeleri: THYAO, DOAS, GENIL, LINK, DGATE (20 Ağustos) - getmidas.com",0.0
2025-08-21,BIMAS,BIMAS için yüzde 38 getiri potansiyelli hedef fiyat açıklandı - Paratic Haber,0.0
2025-08-21,BIMAS,BİM Birleşik Mağazalar (BIMAS) hisseleri için yeni hedef fiyat açıklandı - Rota Borsa,0.0
2025-08-21,THYAO,THY İLE “TÜRK SPORUNA DESTEK VE İŞ BİRLİĞİ” PROTOKOLÜ İMZALANDI - Gençlik ve Spor Bakanlığı,0.0
2025-08-21,THYAO,Samsunspor’a Avrupa Yolunda Türk Hava Yolları Desteği — Son Dakika Havacılık Haberleri | Türk Hava - AirlineHaber,0.0
2025-08-22,BIMAS,"Model portföyde revize: TUPRS geldi, BIMAS ve ENKAI gitti - Paratic Haber",0.0
2025-08-22,THYAO,SunExpress zararı 4 katına çıkardı! THY’nin yükü büyüdü - Haber Aero,-0.9999990000010001
2025-08-22,TUPRS,Borsa rekor kırarken TUPRS ve ISMEN için hedef fiyat açıklandı - Paratic Haber,0.9999991666673612
2025-08-22,TUPRS,"Model portföyde revize: TUPRS geldi, BIMAS ve ENKAI gitti - Paratic Haber",0.0
2025-08-22,TUPRS,Ukrayna’nın rafineri saldırıları Rusya’da akaryakıt krizine yol açtı – Financial times | Ukrhaber - Ukrhaber,0.0
2025-08-23,TUPRS,"Ukrayna'nın rafineri saldırıları, Trump ve Orban'ı karşı karşıya getirdi - Independent Türkçe",0.0
2025-08-25,THYAO,THYAO’da rekor sonrası gözler 358 TL direncinde - Paratic Haber,0.9999991666673612
2025-08-25,TUPRS,Sasa'dan rafineri kararı | Son dakika ekonomi haberleri - Bloomberght,0.0
2025-08-25,TUPRS,Sasa Polyester’den rafineri şirketi kurma kararı geldi - Paratic Haber,0.0
2025-08-25,TUPRS,"SASA Polyester, ""SASA Rafineri A.Ş."" isimli yeni bir şirket kurdu Yazar ForInvest Haber - Investing.com Türkiye",0.0
2025-08-25,TUPRS,SASA Polyester'den yeni şirket - Bigpara,0.0
2025-08-25,TUPRS,SASA RAFİNERİ A.Ş. kuruldu: SASA Polyester'den 100 milyon TL'lik yeni yatırım - Dünya Gazetesi,0.0
2025-08-25,TUPRS,Sasa hisseleri rafineri şirketi kararı sonrasında yükseliyor - getmidas.com,0.0
2025-08-25,TUPRS,"SASA, rafineri yatırımı için 100 milyon lira sermayeli yeni şirket kuracak - CNBC-e",0.0
2025-08-26,THYAO,THYAO’da yatay düzeltme sona yaklaşıyor: Alım önerisi geldi - Paratic Haber,0.0
2025-08-26,TUPRS,Tüpraş için 13 aracı kurum fiyat verdi ; TUPRS hissesi yüzde 28 prim potansiyeli vadediyor. - Ekonomim,0.0
2025-08-26,TUPRS,SASA rafineri için şirket kurdu - Bigpara,0.0
2025-08-26,TUPRS,Sasa Polyester rafineri şirketi kuruyor - Milliyet,0.0
2025-08-26,TUPRS,Ukrayna’dan Rusya’ya ağır darbe: Petrol rafineri kapasitesinin yaklaşık yüzde 17'si felç oldu - QHA - Kırım Haber Ajansı,0.0
2025-08-27,THYAO,Türk Hava Yolları’ndan (THYAO) Gine Bissau’ya yeni sefer kararı - Paratic Haber,0.0
2025-08-27,TUPRS,"Midas ile gün sonu: CRWV, LLY, AHL, TUPRS, SDTTR, EUPWR - getmidas.com",0.0
2025-08-27,TUPRS,"Wood & Company, Tüpraş için hedef fiyatını yükseltti - getmidas.com",0.0
2025-08-27,TUPRS,"Borsada hedef fiyatlar değişti: 7 hisse için rakamlar açıklandı: Tüpraş, Logo Yazılım, Teknosa... - Ekonomim",0.0
2025-08-28,TUPRS,"BİM, Tüpraş, THY... Eylül'de en az 14 şirket temettü dağıtacak I Eylül 2025 temettü takvimi - Ekonomist",0.0
2025-08-29,BIMAS,Hedef fiyatı 727 TL olan BIMAS için kredi notu açıklandı - Paratic Haber,0.0
2025-08-29,BIMAS,BİM'e Halı ve Koltuk Yıkama Makinesi Geliyor! 5 Eylül 2025 BİM Aktüel Ürünler İndirim Kataloğu - Onedio,0.0
2025-08-29,THYAO,Hindistan'dan Türk Hava Yolları kararı: Çatışmaların ardından başlayan krize 6 ay erteleme - Gazete Oksijen,0.0
2025-08-29,TUPRS,BofA’nın alım yaptığı Tüpraş (TUPRS) rekor seviyeye yaklaştı - Paratic Haber,0.9999991666673612
2025-08-30,THYAO,Fidan: Türkiye hava sahasını İsrail uçaklarına kapattı (Rusya) - İletişim Başkanlığı,0.0
2025-08-30,TUPRS,"Ukrayna, Rusya'da rafineri vurdu | Son dakika ekonomi haberleri - Bloomberght",0.0
2025-09-01,TUPRS,Tüpraş Ürün Marjları (Ağustos 2025) - Tacirler,0.0
2025-09-01,TUPRS,TÜPRAŞ'ta Net Maaşlar Belli Oldu! İşte İşçilerin İsyan Ettiği O Rakamlar (2025) - Bugün Kocaeli Gazetesi,0.0
2025-09-02,THYAO,THYAO için temettü günü: Yeni fiyat belirlendi - Paratic Haber,0.0
2025-09-02,THYAO,Türk Hava Yolları (THYAO) temettü dağıtacak: Ödeme tarihi - Ekonomist,0.0
2025-09-02,THYAO,THY TEMETTÜ 2025 ÖDEMESİ: THYAO Hisse Başına Ne Kadar? 2. Taksit Tarihi Belli Oldu - GZT,0.0
2025-09-02,THYAO,"THY hisse başı ne kadar, ne zaman ödeme yapacak? THY temettü ödemeleri detayları - Yeni Şafak",0.0
2025-09-02,THYAO,Bugün temettü ödeyen 1 hissenin fiyatında düzeltme yapıldı - Ekonomist,0.0
2025-09-02,THYAO,Türk hava sahasında günlük transit uçuş rekoru - Anadolu Ajansı,0.9999990000010001
2025-09-02,THYAO,THY'nin Misrata seferleri 10 yıl sonra yeniden başlatıldı - Anadolu Ajansı,0.0
2025-09-03,THYAO,BIST 100’de Son Durum: THYAO ve ISCTR Teknik İncelemesi - Investing.com Türkiye,0.0
2025-09-03,THYAO,"GARAN, GLRMK ve THYAO için teknik tavsiyeler - Paratic Haber",0.0
2025-09-03,TUPRS,"Sasa Rafineri kuruluşu tamamlandı, tescili yayımlandı - Paratic Haber",0.0
2025-09-03,TUPRS,"SASA, rafineri yatırımı için bağlı ortaklık kuruluş işlemlerini tamamladı - Borsa Gundem",0.0
2025-09-04,THYAO,THY TEMETTÜ 2025 ÖDEMESİ NE ZAMAN? THYAO hisse başı ne kadar ödeme yapacak? - CNN Türk,0.0
2025-09-04,THYAO,"ASELS, THYAO, TABGD: Günün payları için kritik seviyeler - Paratic Haber",0.0
2025-09-04,THYAO,BofA’nın sattığı THYAO endeksteki yükselişe eşlik edemedi - Paratic Haber,0.9999990000010001
2025-09-04,TUPRS,Görece güçlü kalan TUPRS için stratejik değerlendirme geldi - Paratic Haber,0.9999991666673612
2025-09-05,BIMAS,"MÜŞTERİYLE BULUŞTU! BİM 5 Eylül 2025 CUMA KATALOĞU RAFLARDA! 5 Eylül son BİM aktüel indirim kataloğundan neler satışta? Halı Koltuk Yıkama Makinesi, Sefer Tası, WAG Maşa, Ütü... - Milliyet",0.0
2025-09-05,BIMAS,"BİM 5 Eylül aktüel ürünler kataloğu 2025: 65 inç televizyon, halı koltuk yıkama makinesi, yazı tahtası ve buhar kazanlı ütü geliyor - NTV Haber",0.9999990000010001
2025-09-05,TUPRS,"Eylül 2025 Temettü Takvimi: THY, Tüpraş ve Bim Dahil 16 Şirket Yatırımcıya Kâr Payı Dağıtacak - Manisa Manşet Gazetesi",0.0
2025-09-06,BIMAS,BİM marketler uygun fiyata Razer ürünleri satacak - DonanımHaber,0.0
2025-09-06,BIMAS,"BİM AKTÜEL 9 EYLÜL SALI FIRSATLARI🔥| Makarna, şeker, bal, mısır, zeytin, yoğurt... Bu hafta BİM'de neler indirimde olacak? - Sabah",0.0
2025-09-06,BIMAS,"BİM AKTÜEL ÜRÜNLER KATALOĞU 9-12 EYLÜL 2025🔥 Dik süpürge, ağız duşu, ankastre set, çamaşır selesi... Bu hafta BİM’de neler var? - Sabah",-0.9999990000010001
2025-09-08,BIMAS,BofA’nın sattığı BIMAS’ta değer kaybı yüzde 5’i aştı - Paratic Haber,0.0
2025-09-08,BIMAS,Bim Birleşik Mağazalar (BIMAS) hisselerinde Bank of America (BofA) üzerinden yüklü satış - Rota Borsa,0.0
2025-09-08,THYAO,Türk Hava Yolları (THYAO) Ağustos trafik sonuçları açıklandı - Paratic Haber,0.0
2025-09-08,THYAO,"THY'nin taşıdığı yolcu sayısı 8 ayda 60,7 milyona ulaştı - Anadolu Ajansı",0.0
2025-09-09,THYAO,BofA THYAO’da düşüşleri fırsat bildi: 644 milyon TL’lik alım - Paratic Haber,-0.9999990000010001
2025-09-09,THYAO,THYAO’da BofA’dan yüklü alım - Borsa Gundem,0.0
2025-09-09,THYAO,"Fitch, Türk Hava Yolları için analiz yayımladı - getmidas.com",0.0
2025-09-09,THYAO,"Midas ile gün sonu: NBIS, F, TECK, THYAO, SDTTR, CWENE - getmidas.com",0.0
2025-09-09,THYAO,A1 Capital: En çok alım yapılan hisseler: THYAO/AKBNK/EREGL/EKGYO/FROTO - hibya.com,0.0
2025-09-09,THYAO,Borsa yükselirken tüm para THYAO paylarında toplanıyor - Paratic Haber,0.0
2025-09-09,THYAO,"Yabancı Ağustos’ta en fazla THYAO aldı, SASA sattı - Paratic Haber",0.0
2025-09-09,THYAO,Turkish Airlines carried 60.7M passengers from January-August - Anadolu Ajansı,0.0
2025-09-09,TUPRS,Tüpraş’ın Alkilasyon Tesisi projesi ile ilgili ’ÇED Gerekli Değildir’ kararı verildi Yazar ForInvest Haber - Investing.com Türkiye,0.0
2025-09-10,BIMAS,"ÇILGIN İNDİRİMLER BAŞLIYOR 💥 12-16 Eylül BİM aktüel kataloğu yayında: Cep telefonu, mutfak gereçleri, makyaj malzemeleri... - Sabah",0.0
2025-09-10,BIMAS,Mustafa Latif Topbaş’tan BİM Birleşik Mağazalar’da (BIMAS) hisse alış açıklaması - Rota Borsa,0.0
2025-09-10,BIMAS,Merkez Bereket Gıda’dan BİM Birleşik Mağazalar’da (BIMAS) hisse alış açıklaması - Rota Borsa,0.0
2025-09-10,THYAO,EBEBK ve THYAO için yükseliş getirecek önemli seviyeler - Paratic Haber,0.9999990000010001
2025-09-10,THYAO,"Aile ve Sosyal Hizmetler Bakanlığı ile THY arasında ""ileri dönüşüm"" protokolü imzalandı - Aile ve Sosyal Hizmetler Bakanlığı",0.0
2025-09-10,TUPRS,Tüpraş (TUPRS) model portföye eklendi: Hissede hedef fiyat ne? - Paratic Haber,0.0
2025-09-11,BIMAS,"BİM AKTÜEL ÜRÜNLER KATALOĞU 12-16 EYLÜL 2025: Dik süpürge, ağız duşu, ankastre set, çamaşır selesi... Bu fırsatlar kaçmaz! - Sabah",-0.9999990000010001
2025-09-11,TUPRS,"ASTOR, TUPRS, PETKM ve AYGAZ için hedef fiyat açıklandı - Paratic Haber",0.0
2025-09-11,TUPRS,Tüpraş’ta güçlü potansiyel: 234 TL olur mu? - Paratic Haber,0.9999991666673612
2025-09-12,BIMAS,BIMAS temettü ödeme takvimi Eylül 2025 || BİM Birleşik Mağazalar (BIMAS) temettü ödemesi ne zaman ve ne kadar yatacak? - Bigpara,0.0
2025-09-12,BIMAS,BİM (BIMAS) geri alım kararını duyurdu - Ekonomist,0.0
2025-09-12,BIMAS,BİM'den dev pay geri alım programı: Azami oran belli oldu - GZT,0.0
2025-09-12,BIMAS,BİM AKTÜEL 12 EYLÜL 2025: Bu Hafta BİM Aktüel Kataloğunda Neler Var? BİM'de Hangi Ürünler İndirimde? - CNN Türk,0.0
2025-09-12,BIMAS,Bim Birleşik Mağazalar’dan (BIMAS) geri alım kararı - Rota Borsa,0.0
2025-09-13,BIMAS,Yeni hafta kataloğu çıktı! 15 Eylül BİM aktüel ürünler kataloğu: Bu hafta BİM’de neler var? - Sabah,0.0
2025-09-13,BIMAS,Bim Birleşik Mağazalar (BIMAS) yüzde 400 oranında temettü dağıtacak - Rota Borsa,0.0
2025-09-13,TUPRS,"Tüpraş, biyoyakıt üretecek - Ekonomi Gazetesi",0.0
2025-09-14,BIMAS,15 Eylül 2025 BİM Aktüel Kataloğu | Bu Hafta BİM’de Hangi Ürünler İndirimde? - GZT,0.0
2025-09-15,BIMAS,"Günün öne çıkan gelişmeleri: VAKBN, BIMAS, GLCVY, HEKTS, AGESA (15 Eylül) - getmidas.com",0.0
2025-09-15,THYAO,THYAO paylarında kanal direnci 355 TL hedefte - Paratic Haber,0.0
2025-09-15,THYAO,Türk Hava Yolları Avrupa’nın en iyi havayolu firması seçildi - Milliyet,0.0
2025-09-15,TUPRS,"ASELS, TOASO, TUPRS: Günün payları için kritik eşikler - Paratic Haber",0.0
2025-09-15,TUPRS,Tüpraş’tan SUNFUSION Projesiyle Yenilenebilir Yakıt Üretiminde İnovatif Adım - Turkchem.net,0.0
2025-09-16,BIMAS,"BİM (BIMAS) 2. taksit temettü ödemesi ne zaman? BIMAS temettü ne zaman, hangi gün hesaba geçer? - Bigpara",0.0
2025-09-16,BIMAS,BİM (BIMAS) 2. taksit temettü ödeme tarihi ne zaman? - Ekonomist,0.0
2025-09-16,BIMAS,16 Eylül 2025 BİM Aktüel Haftanın Önerileri Kataloğu - Onedio,0.0
2025-09-16,BIMAS,Bim Birleşik Mağazalar (BIMAS) hisse senedi fiyatında düzeltme yapılacak - Rota Borsa,0.0
2025-09-16,BIMAS,Bim Birleşik Mağazalar (BIMAS) yarın yüzde 400 oranında temettü dağıtacak - Rota Borsa,0.0
2025-09-16,THYAO,"KCHOL, MPARK, THYAO: Günün önerileri için kritik seviyeler - Paratic Haber",0.0
2025-09-16,TUPRS,"Borsada 13 hisse için hedef fiyat: TUPRS, ENKAI ve dahası - Paratic Haber",0.0
2025-09-16,TUPRS,"Tüpraş, yüksek sezon etkisiyle model portföye girdi - Paratic Haber",0.0
2025-09-16,TUPRS,Petrol fiyatlarında 'rafineri saldırısı' yükselişi haberi - borsaningundemi.com,0.9999990000010001
2025-09-17,BIMAS,Bim Birleşik Mağazalar (BIMAS) hisse senedi fiyatında düzeltme yapıldı - Rota Borsa,0.0
2025-09-17,THYAO,THYAO: Air Europa’da hisse oranını artırmayı düşünmüyoruz - getmidas.com,-0.9999990000010001
2025-09-17,THYAO,"BofA’dan 3,4 milyar TL’lik satış: THYAO ve VAKBN ilk sırada - Paratic Haber",0.0
2025-09-17,THYAO,"THY, İspanya’da altıncı destinasyonu olan Sevilla’ya uçmaya başladı - Foreks.com",0.0
2025-09-17,THYAO,Türk Hava Yollarının İstanbul-Sevilla seferleri başladı - Anadolu Ajansı,0.0
2025-09-17,THYAO,Türk Hava Yolları San Francisco’daki 10. Yılını Kutladı - HavaSosyalMedya,0.0
2025-09-17,THYAO,"Türk Hava Yolları, Port Sudan’a uçuş başlattı - CNN Türk",0.0
2025-09-17,THYAO,"THY, İstanbul’dan Kamboçya’ya direkt uçuş başlatıyor - Turizm Ajansı",0.0
2025-09-17,TUPRS,BIST 100’de Son Durum: TUPRS ve ASTOR Teknik İncelemesi - Investing.com Türkiye,0.0
2025-09-17,TUPRS,Ukrayna’nın rafineri saldırıları: “Rusya petrol üretimini azaltabilir” - Independent Türkçe,0.0
2025-09-18,BIMAS,BİM Yönetim Kurulu kararıyla 100 bin pay daha geri aldı - Paratic Haber,0.0
2025-09-18,BIMAS,"YARIN RAFLARDA SATIŞA ÇIKIYOR! 🛒 BİM 19 Eylül Cuma aktüel kataloğunda hangi ürünler satışa sunulacak? Şarjlı Dikey Süpürge, Overlok Makinesi, Dikiş Makinesi, Personal Blender, Çay Makinesi... - Milliyet",0.0
2025-09-18,BIMAS,BİM 19 Eylül 2025 aktüel ürünler kataloğu yayımlandı: Bim'de bu hafta cuma neler var? - GZT,0.0
2025-09-18,BIMAS,Bim Birleşik Mağazalar’dan (BIMAS) geri alım açıklaması - Rota Borsa,0.0
2025-09-18,THYAO,"Borsada para THYAO paylarına girerken, ASTOR’dan çıkıyor - Paratic Haber",0.0
2025-09-18,THYAO,Türk Hava Yolları’nın Yeni A321neo Uçağı Hazırlanıyor - HavaSosyalMedya,0.0
2025-09-18,TUPRS,"Tüpraş İzmit Rafinerisi dünyanın en gelişmiş ""Sanayi 4.0"" üretim tesisleri arasına seçildi - Anadolu Ajansı",0.0
2025-09-18,TUPRS,"Tüpraş En Gelişmiş ""sanayi 4.0"" üretim Tesisleri Arasına Seçildi - Analiz Gazetesi",0.0
2025-09-18,TUPRS,"Tüpraş İzmit Rafinerisi, dünyanın en gelişmiş sanayi 4.0 üretim tesisleri arasında - İş-Yaşam Haberleri - Habertürk",0.0
2025-09-18,TUPRS,Tüpraş İzmit Dünya Listesinde - Bugün Kocaeli Gazetesi,0.0
2025-09-19,BIMAS,BİM'e Para Sayma Makinesi Geliyor! 19 Eylül 2025 BİM Aktüel Ürünler İndirim Kataloğu - Onedio,0.0
2025-09-19,BIMAS,"SATIŞA ÇIKTI! BİM İNDİRİMLİ ÜRÜNLER AFİŞİ 19 EYLÜL 2025 KATALOĞU 🔴🛒 (RAFLARDA) || Bim'de bu hafta cuma neler var? Bim aktüel broşürü Para Sayma Makinesi, Kuklalı Keçeli Kitaplar, Ayaklı Çift Taraflı Ahşap Yazı Tahtası satışta! - Hürriyet",0.0
2025-09-19,BIMAS,"HAFTANIN FIRSATLARI💥 BİM Aktüel kataloğu 19-23 Eylül indirimleri: dikiş makine, saç düzleştirici, aspiratör... - Sabah",0.0
2025-09-19,BIMAS,"RAFLARDA SATIŞA ÇIKTI! BİM 19 Eylül Cuma aktüel kataloğunda hangi ürünler satışa sunuldu? Elektrikli Süpürge, Katı Meyve Sıkacağı, Dikiş Makinesi, Personel Blender... - Milliyet",0.0
2025-09-19,BIMAS,19 EYLÜL BİM İNDİRİMLİ ÜRÜNLER: BİM'de Bu Hafta Neler İndirimde? İşte 19 Eylül 2025 Cuma BİM Aktüel Kataloğu... - CNN Türk,0.0
2025-09-19,BIMAS,Bim Birleşik Mağazalar (BIMAS) temettü ödemesi hakkında açıklama - Rota Borsa,0.0
2025-09-19,TUPRS,Tüpraş iştiraki Ditaş'ın Kadın Denizciler Gelişim Programı 4. dönem başvuruları başladı - Anadolu Ajansı,0.0
2025-09-19,TUPRS,AMR ‘Altın Liste’ye girdi - Ekonomim,0.0
2025-09-20,BIMAS,"YENİ HAFTADA CAZİP FIRSATLAR🔥BİM aktüel 23-27 Eylül: Ütü, tost makinesi, battaniye, pijama takımı.... Bu hafta BİM’de neler var? - Sabah",0.0
2025-09-20,BIMAS,BİM 23-26 EYLÜL 2025 AKTÜEL KATALOĞU: BİM'e turbo cam ankastre set geliyor! - Dünya Gazetesi,0.0
2025-09-20,THYAO,THY Boeing'den uçak alacak mı? Konuya dair açıklama geldi - GZT,0.0
2025-09-20,THYAO,"THY İletişim Başkanı Yahya Üstün: Boeing uçaklarının alımı uzun süredir görüştüğümüz bir konu, henüz karar verilmedi - Anadolu Ajansı",0.0
2025-09-20,THYAO,THY'den Boeing uçaklarının alımına ilişkin açıklama - TRT Haber,0.0
2025-09-20,TUPRS,"Aleks Metal Rafineri, Altın Üretim Lisansını Aldı - Fuar Dergisi",0.0
2025-09-21,BIMAS,BİM 23 Eylül Salı 2025 aktüel ürünler kataloğu yayımlandı: Bu Salı BİM'de hangi ürünler indirimde? - GZT,0.0
2025-09-21,BIMAS,Bim Birleşik Mağazalar (BIMAS) temettü politikasını güncelledi - Rota Borsa,0.0
2025-09-21,TUPRS,"Borsanın gözdesi 19 hisse için beklentiler değişti! Aselsan, Tüpraş, Koç, Enka, Mavi, Torunlar GYO - Ekonomim",0.0
2025-09-22,BIMAS,"Bu fırsatlar kaçmaz! BİM aktüel katalog 23-27 Eylül 2025: Midi fırın, kahve makinesi, ankastre set, ütü... - Sabah",0.0
2025-09-22,BIMAS,"BİM aktüel katalog 23-27 Eylül 2025: Midi fırın, kahve makinesi, ankastre set ve indirimli ürünler - GZT",0.0
2025-09-22,THYAO,TÜRK HAVA YOLLARI İNDİRİMLİ BİLET: THY’den yeni indirimli bilet kampanyası! - İstanbul Ticaret Gazetesi,0.0
2025-09-22,THYAO,THY’de skandalın yankıları sürüyor: Ahmet Bolat’tan ‘derhal kovun’ talimatı! - Turizm Ajansı,0.0
2025-09-22,TUPRS,TUPRS rekor tazeledi: Aracı kurum tavsiyesini değiştirdi - Paratic Haber,0.9999991666673612
2025-09-23,BIMAS,"JPMorgan BIMAS, MGROS ve SOKM için hedef fiyatını paylaştı - Paratic Haber",0.0
2025-09-23,BIMAS,"JPMorgan, Türk perakende şirketleri için hedef fiyatlarını düşürdü - getmidas.com",-0.9999990000010001
2025-09-23,BIMAS,"RAFLARDA SATIŞA ÇIKTI! BİM AKTÜEL 23 EYLÜL 2025 YEPYENİ KATALOĞU! BİM 26 Eylül aktüel ürünler kataloğu çıktı! Bu hafta BİM'de hangi ürünler indirime girdi? Airfryer, kahve makinesi, Cam Ankastre Set... - Milliyet",0.0
2025-09-23,BIMAS,23 Eylül 2025 BİM Aktüel Haftanın Önerileri Kataloğu - Onedio,0.0
2025-09-23,BIMAS,BİM 26 Eylül Cuma indirim kataloğu! Cuma günü Bim markete hangi ürünler geliyor? - GZT,0.0
2025-09-23,BIMAS,BİM 24 Eylül aktüel ürünler kataloğu: BİM'e çarşamba günü Buzdolabı ve Ankastre Ocak geliyor - GZT,0.0
2025-09-23,BIMAS,BİM market 23 Eylül 2025 Salı indirim kataloğu! Salı günü Bim markete hangi ürünler geliyor? - Ekonomim,0.0
2025-09-23,BIMAS,"JPMorgan, BİM Birleşik Mağazalar (BIMAS) hisseleri için yeni hedef fiyatını açıkladı - Rota Borsa",0.0
2025-09-23,THYAO,Türk Hava Yolları Boeing'den 150 uçak satın alıyor - BBC,0.0
2025-09-23,THYAO,"Türk Hava Yolları, 2025’te Avrupa’nın en iyi havayolu şirketi seçildi (Türkmenistan) - İletişim Başkanlığı",0.0
2025-09-23,TUPRS,"SOCAR, İtalyan petrol devi Italiana Petroli’yi satın alıyor - Harici",0.0
2025-09-24,BIMAS,BİM 24 Eylül 2025 Çarşamba aktüel ürünler kataloğu yayımlandı? BİM'e hangi ürünler geliyor? - Ekonomim,0.0
2025-09-24,BIMAS,30 Eylül 2025 BİM Aktüel Kataloğu! Haftanın Önerileri Belli Oldu - sondakikaturkey.com,0.0
2025-09-24,THYAO,"Türk Hava Yolları, Ajet ve Pegasus yurt dışı kampanyası sürüyor! İşte hava yolları indirimli yurt dışı bilet kampanyaları - Habertürk",0.0
2025-09-25,THYAO,Türk Hava Yolları’na 165 Yeni Çalışan Katıldı - HavaSosyalMedya,0.0
2025-09-26,BIMAS,BİM'e Buharlı Temizleme Makinesi Geliyor! 3 Ekim 2025 BİM Aktüel Ürünler İndirim Kataloğu - Onedio,0.0
2025-09-26,BIMAS,BİM'e Tam Otomatik Kahve Makinesi Geliyor! 26 Eylül 2025 BİM Aktüel Ürünler İndirim Kataloğu - Onedio,0.0
2025-09-26,BIMAS,"RAFLARDA SATIŞA ÇIKTI! BİM aktüel 26 Eylül 2025 kataloğu indirimli ürünler broşürü! BİM katalog bu hafta yepyeni fırsatlar: Kahve makinesi, ütü, LEGO Friends geliyor! - Milliyet",0.0
2025-09-26,BIMAS,"RAFLARDA SATIŞA ÇIKTI! BİM 26 EYLÜL CUMA AKTÜEL İNDİRİMLERİ | BİM 26 Eylül Cuma aktüel kataloğunda hangi ürünler satışa çıkacak? Tam Otomatik Kahve Makinesi, Air Fryer, Çay Makinesi, Midi Fırın... - Milliyet",0.0
2025-09-26,BIMAS,"BUGÜN SATIŞTA | BİM aktüel ürünler kataloğu 26 Eylül 2025: LEGO Friends oyuncakları, kahve makinesi, 65 inç televizyon, ankastre set satışa sunuldu - NTV Haber",0.0
2025-09-26,BIMAS,BİM market 26 Eylül 2025 Cuma indirim kataloğu! Cuma günü Bim’e hangi ürünler geliyor? - Ekonomim,0.0
2025-09-26,BIMAS,BİM 26 Eylül Cuma Aktüel Kataloğu'nda küçük ev aletleri için pek çok fırsat var! - Sayfa 1 - Çanakkale Olay,0.0
2025-09-26,BIMAS,"BİM 26 Eylül 2025 aktüel kataloğu açıklandı! Bu Cuma BİM'de neler olacak? Tam otomatik kahve makinesi, tost makinesi, buharlı ütü... BİM indirimli aktüel ürünler listesi | Özgün Haberler - Yeni Şafak",0.0
2025-09-26,BIMAS,BİM 26 EYLÜL 2025 AKTÜEL KATALOĞU: BİM'e tam otomatik kahve makinesi geliyor! - Dünya Gazetesi,0.0
2025-09-26,BIMAS,BİM 23 – 26 Eylül 2025 Aktüel Kataloğu Yayınlandı! bim aktüel ürünleri.... - Aksu TV Haber,0.0
2025-09-26,BIMAS,Bim Birleşik Mağazalar’dan (BIMAS) geri alım açıklaması - Rota Borsa,0.0
2025-09-26,THYAO,"Türk Hava Yolları (THYAO), Boeing ile 225 uçak siparişi için anlaşmaya vardı - getmidas.com",0.0
2025-09-26,THYAO,"Midas ile gün sonu: XIACY, LI, LLY, THYAO, BVSAN, DEVA - getmidas.com",0.0
2025-09-26,THYAO,"Günün öne çıkan gelişmeleri: THYAO, HATSN, KOCMT, ADESE, RGYAS (26 Eylül) - getmidas.com",0.0
2025-09-26,THYAO,"Borsada düşüş hızlandı: ASELS’e giriş, THYAO’dan çıkış - Paratic Haber",-0.9999990000010001
2025-09-26,THYAO,"ENJSA, FROTO, THYAO: Günün paylarında kritik hedefler - Paratic Haber",0.0
2025-09-26,THYAO,"THY, Boeing'den 75 adet B787-9 ve B787-10 alımına karar verdi, 150 adet 737-8/10MAX alımı için de görüşmeleri tamamladı - Foreks.com",0.0
2025-09-26,THYAO,Türk Hava Yolları'ndan dev uçak siparişi kararı - TRT Haber,0.0
2025-09-26,THYAO,Türk Hava Yolları 225 adede kadar Boeing uçağı satın almayı kabul etti - Investing.com Türkiye,0.0
2025-09-26,THYAO,Türk Hava Yolları filoyu yeniliyor! Boeing ile dev anlaşma - CNN Türk Finans,0.0
2025-09-26,THYAO,Turkish Airlines Places Historic Boeing Order: 225 Aircraft - HavaSosyalMedya,0.0
2025-09-26,THYAO,Turkish Airlines to purchase 225 Boeing aircraft - Anadolu Ajansı,0.0
2025-09-26,THYAO,THY'nin alacağı Boeing 737 MAX'lerle ilgili neler biliniyor? - BBC,0.0
2025-09-26,THYAO,THY Boeing'ten 225 adet uçak alıyor - DW,0.0
2025-09-26,THYAO,THY’den Boeing siparişi | Son dakika ekonomi haberleri - Bloomberght,0.0
2025-09-26,THYAO,THY Boeing ile anlaştı! Resmi açıklama geldi... - Bigpara,0.0
2025-09-26,THYAO,Anlaşma tamam: THY Boeing'den 200'ü aşkın uçak alacak - Gazete Oksijen,0.0
2025-09-26,THYAO,"THY, Boeing’den 225 uçak için anlaşmaya vardı - rudaw.net",0.0
2025-09-27,BIMAS,BİM'de bu hafta neler var? BİM aktüel 23-27 Eylül 2025 kataloğu yayınlandı - Yeni Şafak,0.0
2025-09-27,THYAO,Türk Hava Yolları Kabin Ekiplerine Gümrük Uyarısı - HavaSosyalMedya,0.0
2025-09-27,TUPRS,"TÜPRAŞ (TUPRS) temettü ödeme tarihi Eylül 2025 || TÜPRAŞ temettü 2. taksit ödemesi yapıldı mı, ne zaman yapılacak? - Bigpara",0.0
2025-09-27,TUPRS,"TÜPRAŞ TEMETTÜ TARİHİ 2025: Yılın ikinci TÜPRAŞ temettü 2025 ne zaman hesaba geçer, TUPRS temettü ne kadar verecek? - Milliyet",0.0
2025-09-27,TUPRS,"Tüpraş, Astor, Mavi, Bİ, ENKA... Yatırımcının radarına aldığı 24 hissenin hedef fiyatları belirlendi - Ekonomim",0.0
2025-09-27,TUPRS,"TÜPRAŞ ne zaman temettü dağıtacak, hesaplara yattı mı? Tüpraş ne kadar temettü dağıtacak? - Habertürk",0.0
2025-09-27,TUPRS,"TÜPRAŞ Temettü Ödemesi: Ne Zaman, Ne Kadar? - Manisa Manşet Gazetesi",0.0
2025-09-28,BIMAS,"İNDİRİMLİ ÜRÜNLER! 30 Eylül – 3 Ekim BİM aktüel ürünler neler? Pasta süsleri, deterjanlar, ütü masası... - Sabah",0.0
2025-09-28,BIMAS,"BİM aktüel Eylül ayının son indirimleri!💥30 Eylül BİM aktüel ürünler neler? Krem şanti, çikolatalı puding, pudra şekeri... - Sabah",0.0
2025-09-28,THYAO,«Turkish Airlines» 225 sany «Boeing» uçaryny satyn almakçy - Turkmenportal,0.0
2025-09-29,BIMAS,BİM 30 Eylül Salı aktüel ürünler kataloğu indirimleri belli oldu: Bugün BİM'de neler olacak? - Yeni Şafak,0.0
2025-09-29,THYAO,Türk Hava Yolları’ndan “İK Okulu” Programı - HavaSosyalMedya,0.0
2025-09-29,TUPRS,Tüpraş’ın 2. taksit temettü ödemesi yarın gerçekleşecek - getmidas.com,0.0
2025-09-30,BIMAS,"BIMAS, EKGYO, TSKB: Günün hisselerinde kritik eşikler - Paratic Haber",0.0
2025-09-30,BIMAS,30 Eylül 2025 BİM Aktüel Haftanın Önerileri Kataloğu - Onedio,0.0
2025-09-30,BIMAS,"A101, BİM, ŞOK'ta bu hafta ne var? A101, BİM, ŞOK 23-30 Eylül 2025 aktüel ürünler kataloğu ile bu hafta hangi ürünler indirime girdi? - Habertürk",0.0
2025-09-30,BIMAS,Bim Birleşik Mağazalar’dan (BIMAS) kayıtlı sermaye tavanı sistemine geçiş kararı - Rota Borsa,0.0
2025-09-30,THYAO,"THYAO, Temeşvar ve Erivan’a sefer başlatma kararı aldı - getmidas.com",0.0
2025-09-30,THYAO,Türk Hava Yolları’ndan iki yeni hat kararı - CNBC-e,0.0
2025-09-30,THYAO,Türk Hava Yolları’ndan iki yeni hat kararı - Bigpara,0.0
2025-09-30,THYAO,Türk Hava Yolları’ndan kritik ‘Ermenistan’ Kararı - Sözcü Gazetesi,0.0
2025-09-30,THYAO,Turkish Airlines Euroleague’de Yeni Sezon Heyecanı Başlıyor - BasketTR,0.0
2025-09-30,TUPRS,"TÜPRAŞ temettü 2. taksit ödemesi ne zaman yatacak, hangi gün, saat kaçta hesaba geçer? TUPRS (TÜPRAŞ) temettü 2. taksit ödeme tarihi! - Bigpara",0.0
2025-09-30,TUPRS,Borsada 8 hisse için hedef fiyat: TUPRS ve KRDMD listede - Paratic Haber,0.0
2025-09-30,TUPRS,Temettü dağıtacak hisseler 29 Eylül-3 Ekim arası: TÜPRAŞ temettü ödemesi ne zaman? | Özgün Haberler - Yeni Şafak,0.0
2025-09-30,TUPRS,Tüpraş hedef fiyatı yükseltildi: Tavsiye endeks üstü getiri! - Paratic Haber,0.0
2025-09-30,TUPRS,"TÜPRAŞ temettü 2. taksit ödemesi hangi gün, ne zaman yatacak, saat kaçta hesaba geçer? | Özgün Haberler - Yeni Şafak",0.0
2025-09-30,TUPRS,Tüpraş hissesi yatırımcıları odak noktasında: Temettü ödemeleri ve borsa performansı yakından takip ediliyor - Mynet Finans,0.0
2025-09-30,TUPRS,Tüpraş Temettü yatırımcıları için ikinci taksit ödeme tarihi - Mynet Finans,0.0
